refinebio_accession_code	experiment_accession	refinebio_age	refinebio_cell_line	refinebio_compound	refinebio_developmental_stage	refinebio_disease	refinebio_disease_stage	refinebio_genetic_information	refinebio_organism	refinebio_platform	refinebio_processed	refinebio_processor_id	refinebio_processor_name	refinebio_processor_version	refinebio_race	refinebio_sex	refinebio_source_archive_url	refinebio_source_database	refinebio_specimen_part	refinebio_subject	refinebio_time	refinebio_title	refinebio_treatment	MetaSRA_age	MetaSRA_age.unit
SRR4040322	SRP082327	12.000	c57bl/6						MUS_MUSCULUS	NextSeq 500 (NextSeq500)	True	381	Tximport	v1.25.8-hotfix				SRA		mouse hippocampus region		Nucleus from Hippocampus brain region A1-P1-DG_S100_L001_R1		12.0	week
SRR4040323	SRP082327	12.000	c57bl/6						MUS_MUSCULUS	NextSeq 500 (NextSeq500)	True	381	Tximport	v1.25.8-hotfix				SRA		mouse hippocampus region		Nucleus from Hippocampus brain region A1-P1-DG_S101_L001_R1		12.0	week
SRR4040324	SRP082327	12.000	c57bl/6						MUS_MUSCULUS	NextSeq 500 (NextSeq500)	True	381	Tximport	v1.25.8-hotfix				SRA		mouse hippocampus region		Nucleus from Hippocampus brain region A1-P1-DG_S102_L001_R1		12.0	week
SRR4040325	SRP082327	12.000	c57bl/6						MUS_MUSCULUS	NextSeq 500 (NextSeq500)	True	381	Tximport	v1.25.8-hotfix				SRA		mouse hippocampus region		Nucleus from Hippocampus brain region A1-P1-DG_S103_L001_R1		12.0	week
SRR4040326	SRP082327	12.000	c57bl/6						MUS_MUSCULUS	NextSeq 500 (NextSeq500)	True	381	Tximport	v1.25.8-hotfix				SRA		mouse hippocampus region		Nucleus from Hippocampus brain region A1-P1-DG_S104_L001_R1		12.0	week
SRR4040327	SRP082327	12.000	c57bl/6						MUS_MUSCULUS	NextSeq 500 (NextSeq500)	True	381	Tximport	v1.25.8-hotfix				SRA		mouse hippocampus region		Nucleus from Hippocampus brain region A1-P1-DG_S105_L001_R1		12.0	week
SRR4040328	SRP082327	12.000	c57bl/6						MUS_MUSCULUS	NextSeq 500 (NextSeq500)	True	381	Tximport	v1.25.8-hotfix				SRA		mouse hippocampus region		Nucleus from Hippocampus brain region A1-P1-DG_S106_L001_R1		12.0	week
SRR4040329	SRP082327	12.000	c57bl/6						MUS_MUSCULUS	NextSeq 500 (NextSeq500)	True	381	Tximport	v1.25.8-hotfix				SRA		mouse hippocampus region		Nucleus from Hippocampus brain region A1-P1-DG_S110_L001_R1		12.0	week
SRR4040330	SRP082327	12.000	c57bl/6						MUS_MUSCULUS	NextSeq 500 (NextSeq500)	True	381	Tximport	v1.25.8-hotfix				SRA		mouse hippocampus region		Nucleus from Hippocampus brain region A1-P1-DG_S111_L001_R1		12.0	week
SRR4040331	SRP082327	12.000	c57bl/6						MUS_MUSCULUS	NextSeq 500 (NextSeq500)	True	381	Tximport	v1.25.8-hotfix				SRA		mouse hippocampus region		Nucleus from Hippocampus brain region A1-P1-DG_S112_L001_R1		12.0	week
SRR4040332	SRP082327	12.000	c57bl/6						MUS_MUSCULUS	NextSeq 500 (NextSeq500)	True	381	Tximport	v1.25.8-hotfix				SRA		mouse hippocampus region		Nucleus from Hippocampus brain region A1-P1-DG_S113_L001_R1		12.0	week
SRR4040333	SRP082327	12.000	c57bl/6						MUS_MUSCULUS	NextSeq 500 (NextSeq500)	True	381	Tximport	v1.25.8-hotfix				SRA		mouse hippocampus region		Nucleus from Hippocampus brain region A1-P1-DG_S114_L001_R1		12.0	week
SRR4040334	SRP082327	12.000	c57bl/6						MUS_MUSCULUS	NextSeq 500 (NextSeq500)	True	381	Tximport	v1.25.8-hotfix				SRA		mouse hippocampus region		Nucleus from Hippocampus brain region A1-P1-DG_S115_L001_R1		12.0	week
SRR4040335	SRP082327	12.000	c57bl/6						MUS_MUSCULUS	NextSeq 500 (NextSeq500)	True	381	Tximport	v1.25.8-hotfix				SRA		mouse hippocampus region		Nucleus from Hippocampus brain region A1-P1-DG_S116_L001_R1		12.0	week
SRR4040336	SRP082327	12.000	c57bl/6						MUS_MUSCULUS	NextSeq 500 (NextSeq500)	True	381	Tximport	v1.25.8-hotfix				SRA		mouse hippocampus region		Nucleus from Hippocampus brain region A1-P1-DG_S117_L001_R1		12.0	week
SRR4040337	SRP082327	12.000	c57bl/6						MUS_MUSCULUS	NextSeq 500 (NextSeq500)	True	381	Tximport	v1.25.8-hotfix				SRA		mouse hippocampus region		Nucleus from Hippocampus brain region A1-P1-DG_S118_L001_R1		12.0	week
SRR4040338	SRP082327	12.000	c57bl/6						MUS_MUSCULUS	NextSeq 500 (NextSeq500)	True	381	Tximport	v1.25.8-hotfix				SRA		mouse hippocampus region		Nucleus from Hippocampus brain region A1-P1-DG_S119_L001_R1		12.0	week
SRR4040339	SRP082327	12.000	c57bl/6						MUS_MUSCULUS	NextSeq 500 (NextSeq500)	True	381	Tximport	v1.25.8-hotfix				SRA		mouse hippocampus region		Nucleus from Hippocampus brain region A1-P1-DG_S120_L001_R1		12.0	week
SRR4040340	SRP082327	12.000	c57bl/6						MUS_MUSCULUS	NextSeq 500 (NextSeq500)	True	381	Tximport	v1.25.8-hotfix				SRA		mouse hippocampus region		Nucleus from Hippocampus brain region A1-P1-DG_S121_L001_R1		12.0	week
SRR4040341	SRP082327	12.000	c57bl/6						MUS_MUSCULUS	NextSeq 500 (NextSeq500)	True	381	Tximport	v1.25.8-hotfix				SRA		mouse hippocampus region		Nucleus from Hippocampus brain region A1-P1-DG_S122_L001_R1		12.0	week
SRR4040342	SRP082327	12.000	c57bl/6						MUS_MUSCULUS	NextSeq 500 (NextSeq500)	True	381	Tximport	v1.25.8-hotfix				SRA		mouse hippocampus region		Nucleus from Hippocampus brain region A1-P1-DG_S123_L001_R1		12.0	week
SRR4040343	SRP082327	12.000	c57bl/6						MUS_MUSCULUS	NextSeq 500 (NextSeq500)	True	381	Tximport	v1.25.8-hotfix				SRA		mouse hippocampus region		Nucleus from Hippocampus brain region A1-P1-DG_S124_L001_R1		12.0	week
SRR4040344	SRP082327	12.000	c57bl/6						MUS_MUSCULUS	NextSeq 500 (NextSeq500)	True	381	Tximport	v1.25.8-hotfix				SRA		mouse hippocampus region		Nucleus from Hippocampus brain region A1-P1-DG_S125_L001_R1		12.0	week
SRR4040345	SRP082327	12.000	c57bl/6						MUS_MUSCULUS	NextSeq 500 (NextSeq500)	True	381	Tximport	v1.25.8-hotfix				SRA		mouse hippocampus region		Nucleus from Hippocampus brain region A1-P1-DG_S126_L001_R1		12.0	week
SRR4040346	SRP082327	12.000	c57bl/6						MUS_MUSCULUS	NextSeq 500 (NextSeq500)	True	381	Tximport	v1.25.8-hotfix				SRA		mouse hippocampus region		Nucleus from Hippocampus brain region A1-P1-DG_S127_L001_R1		12.0	week
SRR4040347	SRP082327	12.000	c57bl/6						MUS_MUSCULUS	NextSeq 500 (NextSeq500)	True	381	Tximport	v1.25.8-hotfix				SRA		mouse hippocampus region		Nucleus from Hippocampus brain region A1-P1-DG_S128_L001_R1		12.0	week
SRR4040348	SRP082327	12.000	c57bl/6						MUS_MUSCULUS	NextSeq 500 (NextSeq500)	True	381	Tximport	v1.25.8-hotfix				SRA		mouse hippocampus region		Nucleus from Hippocampus brain region A1-P1-DG_S130_L001_R1		12.0	week
SRR4040349	SRP082327	12.000	c57bl/6						MUS_MUSCULUS	NextSeq 500 (NextSeq500)	True	381	Tximport	v1.25.8-hotfix				SRA		mouse hippocampus region		Nucleus from Hippocampus brain region A1-P1-DG_S131_L001_R1		12.0	week
SRR4040350	SRP082327	12.000	c57bl/6						MUS_MUSCULUS	NextSeq 500 (NextSeq500)	True	381	Tximport	v1.25.8-hotfix				SRA		mouse hippocampus region		Nucleus from Hippocampus brain region A1-P1-DG_S132_L001_R1		12.0	week
SRR4040351	SRP082327	12.000	c57bl/6						MUS_MUSCULUS	NextSeq 500 (NextSeq500)	True	381	Tximport	v1.25.8-hotfix				SRA		mouse hippocampus region		Nucleus from Hippocampus brain region A1-P1-DG_S133_L001_R1		12.0	week
SRR4040352	SRP082327	12.000	c57bl/6						MUS_MUSCULUS	NextSeq 500 (NextSeq500)	True	381	Tximport	v1.25.8-hotfix				SRA		mouse hippocampus region		Nucleus from Hippocampus brain region A1-P1-DG_S134_L001_R1		12.0	week
SRR4040353	SRP082327	12.000	c57bl/6						MUS_MUSCULUS	NextSeq 500 (NextSeq500)	True	381	Tximport	v1.25.8-hotfix				SRA		mouse hippocampus region		Nucleus from Hippocampus brain region A1-P1-DG_S135_L001_R1		12.0	week
SRR4040354	SRP082327	12.000	c57bl/6						MUS_MUSCULUS	NextSeq 500 (NextSeq500)	True	381	Tximport	v1.25.8-hotfix				SRA		mouse hippocampus region		Nucleus from Hippocampus brain region A1-P1-DG_S136_L001_R1		12.0	week
SRR4040355	SRP082327	12.000	c57bl/6						MUS_MUSCULUS	NextSeq 500 (NextSeq500)	True	381	Tximport	v1.25.8-hotfix				SRA		mouse hippocampus region		Nucleus from Hippocampus brain region A1-P1-DG_S137_L001_R1		12.0	week
SRR4040356	SRP082327	12.000	c57bl/6						MUS_MUSCULUS	NextSeq 500 (NextSeq500)	True	381	Tximport	v1.25.8-hotfix				SRA		mouse hippocampus region		Nucleus from Hippocampus brain region A1-P1-DG_S138_L001_R1		12.0	week
SRR4040357	SRP082327	12.000	c57bl/6						MUS_MUSCULUS	NextSeq 500 (NextSeq500)	True	381	Tximport	v1.25.8-hotfix				SRA		mouse hippocampus region		Nucleus from Hippocampus brain region A1-P1-DG_S139_L001_R1		12.0	week
SRR4040358	SRP082327	12.000	c57bl/6						MUS_MUSCULUS	NextSeq 500 (NextSeq500)	True	381	Tximport	v1.25.8-hotfix				SRA		mouse hippocampus region		Nucleus from Hippocampus brain region A1-P1-DG_S140_L001_R1		12.0	week
SRR4040359	SRP082327	12.000	c57bl/6						MUS_MUSCULUS	NextSeq 500 (NextSeq500)	True	381	Tximport	v1.25.8-hotfix				SRA		mouse hippocampus region		Nucleus from Hippocampus brain region A1-P1-DG_S141_L001_R1		12.0	week
SRR4040360	SRP082327	12.000	c57bl/6						MUS_MUSCULUS	NextSeq 500 (NextSeq500)	True	381	Tximport	v1.25.8-hotfix				SRA		mouse hippocampus region		Nucleus from Hippocampus brain region A1-P1-DG_S142_L001_R1		12.0	week
SRR4040361	SRP082327	12.000	c57bl/6						MUS_MUSCULUS	NextSeq 500 (NextSeq500)	True	381	Tximport	v1.25.8-hotfix				SRA		mouse hippocampus region		Nucleus from Hippocampus brain region A1-P1-DG_S143_L001_R1		12.0	week
SRR4040362	SRP082327	12.000	c57bl/6						MUS_MUSCULUS	NextSeq 500 (NextSeq500)	True	381	Tximport	v1.25.8-hotfix				SRA		mouse hippocampus region		Nucleus from Hippocampus brain region A1-P1-DG_S144_L001_R1		12.0	week
SRR4040363	SRP082327	12.000	c57bl/6						MUS_MUSCULUS	NextSeq 500 (NextSeq500)	True	381	Tximport	v1.25.8-hotfix				SRA		mouse hippocampus region		Nucleus from Hippocampus brain region A1-P1-DG_S145_L001_R1		12.0	week
SRR4040364	SRP082327	12.000	c57bl/6						MUS_MUSCULUS	NextSeq 500 (NextSeq500)	True	381	Tximport	v1.25.8-hotfix				SRA		mouse hippocampus region		Nucleus from Hippocampus brain region A1-P1-DG_S146_L001_R1		12.0	week
SRR4040365	SRP082327	12.000	c57bl/6						MUS_MUSCULUS	NextSeq 500 (NextSeq500)	True	381	Tximport	v1.25.8-hotfix				SRA		mouse hippocampus region		Nucleus from Hippocampus brain region A1-P1-DG_S147_L001_R1		12.0	week
SRR4040366	SRP082327	12.000	c57bl/6						MUS_MUSCULUS	NextSeq 500 (NextSeq500)	True	381	Tximport	v1.25.8-hotfix				SRA		mouse hippocampus region		Nucleus from Hippocampus brain region A1-P1-DG_S149_L001_R1		12.0	week
SRR4040367	SRP082327	12.000	c57bl/6						MUS_MUSCULUS	NextSeq 500 (NextSeq500)	True	381	Tximport	v1.25.8-hotfix				SRA		mouse hippocampus region		Nucleus from Hippocampus brain region A1-P1-DG_S150_L001_R1		12.0	week
SRR4040368	SRP082327	12.000	c57bl/6						MUS_MUSCULUS	NextSeq 500 (NextSeq500)	True	381	Tximport	v1.25.8-hotfix				SRA		mouse hippocampus region		Nucleus from Hippocampus brain region A1-P1-DG_S151_L001_R1		12.0	week
SRR4040369	SRP082327	12.000	c57bl/6						MUS_MUSCULUS	NextSeq 500 (NextSeq500)	True	381	Tximport	v1.25.8-hotfix				SRA		mouse hippocampus region		Nucleus from Hippocampus brain region A1-P1-DG_S152_L001_R1		12.0	week
SRR4040370	SRP082327	12.000	c57bl/6						MUS_MUSCULUS	NextSeq 500 (NextSeq500)	True	381	Tximport	v1.25.8-hotfix				SRA		mouse hippocampus region		Nucleus from Hippocampus brain region A1-P1-DG_S154_L001_R1		12.0	week
SRR4040371	SRP082327	12.000	c57bl/6						MUS_MUSCULUS	NextSeq 500 (NextSeq500)	True	381	Tximport	v1.25.8-hotfix				SRA		mouse hippocampus region		Nucleus from Hippocampus brain region A1-P1-DG_S155_L001_R1		12.0	week
SRR4040372	SRP082327	12.000	c57bl/6						MUS_MUSCULUS	NextSeq 500 (NextSeq500)	True	381	Tximport	v1.25.8-hotfix				SRA		mouse hippocampus region		Nucleus from Hippocampus brain region A1-P1-DG_S156_L001_R1		12.0	week
SRR4040373	SRP082327	12.000	c57bl/6						MUS_MUSCULUS	NextSeq 500 (NextSeq500)	True	381	Tximport	v1.25.8-hotfix				SRA		mouse hippocampus region		Nucleus from Hippocampus brain region A1-P1-DG_S157_L001_R1		12.0	week
SRR4040374	SRP082327	12.000	c57bl/6						MUS_MUSCULUS	NextSeq 500 (NextSeq500)	True	381	Tximport	v1.25.8-hotfix				SRA		mouse hippocampus region		Nucleus from Hippocampus brain region A1-P1-DG_S158_L001_R1		12.0	week
SRR4040375	SRP082327	12.000	c57bl/6						MUS_MUSCULUS	NextSeq 500 (NextSeq500)	True	381	Tximport	v1.25.8-hotfix				SRA		mouse hippocampus region		Nucleus from Hippocampus brain region A1-P1-DG_S159_L001_R1		12.0	week
SRR4040376	SRP082327	12.000	c57bl/6						MUS_MUSCULUS	NextSeq 500 (NextSeq500)	True	381	Tximport	v1.25.8-hotfix				SRA		mouse hippocampus region		Nucleus from Hippocampus brain region A1-P1-DG_S160_L001_R1		12.0	week
SRR4040377	SRP082327	12.000	c57bl/6						MUS_MUSCULUS	NextSeq 500 (NextSeq500)	True	381	Tximport	v1.25.8-hotfix				SRA		mouse hippocampus region		Nucleus from Hippocampus brain region A1-P1-DG_S161_L001_R1		12.0	week
SRR4040378	SRP082327	12.000	c57bl/6						MUS_MUSCULUS	NextSeq 500 (NextSeq500)	True	381	Tximport	v1.25.8-hotfix				SRA		mouse hippocampus region		Nucleus from Hippocampus brain region A1-P1-DG_S162_L001_R1		12.0	week
SRR4040379	SRP082327	12.000	c57bl/6						MUS_MUSCULUS	NextSeq 500 (NextSeq500)	True	381	Tximport	v1.25.8-hotfix				SRA		mouse hippocampus region		Nucleus from Hippocampus brain region A1-P1-DG_S163_L001_R1		12.0	week
SRR4040380	SRP082327	12.000	c57bl/6						MUS_MUSCULUS	NextSeq 500 (NextSeq500)	True	381	Tximport	v1.25.8-hotfix				SRA		mouse hippocampus region		Nucleus from Hippocampus brain region A1-P1-DG_S164_L001_R1		12.0	week
SRR4040381	SRP082327	12.000	c57bl/6						MUS_MUSCULUS	NextSeq 500 (NextSeq500)	True	381	Tximport	v1.25.8-hotfix				SRA		mouse hippocampus region		Nucleus from Hippocampus brain region A1-P1-DG_S165_L001_R1		12.0	week
SRR4040382	SRP082327	12.000	c57bl/6						MUS_MUSCULUS	NextSeq 500 (NextSeq500)	True	381	Tximport	v1.25.8-hotfix				SRA		mouse hippocampus region		Nucleus from Hippocampus brain region A1-P1-DG_S166_L001_R1		12.0	week
SRR4040383	SRP082327	12.000	c57bl/6						MUS_MUSCULUS	NextSeq 500 (NextSeq500)	True	381	Tximport	v1.25.8-hotfix				SRA		mouse hippocampus region		Nucleus from Hippocampus brain region A1-P1-DG_S167_L001_R1		12.0	week
SRR4040384	SRP082327	12.000	c57bl/6						MUS_MUSCULUS	NextSeq 500 (NextSeq500)	True	381	Tximport	v1.25.8-hotfix				SRA		mouse hippocampus region		Nucleus from Hippocampus brain region A1-P1-DG_S97_L001_R1		12.0	week
SRR4040385	SRP082327	12.000	c57bl/6						MUS_MUSCULUS	NextSeq 500 (NextSeq500)	True	381	Tximport	v1.25.8-hotfix				SRA		mouse hippocampus region		Nucleus from Hippocampus brain region A1-P1-DG_S98_L001_R1		12.0	week
SRR4040386	SRP082327	12.000	c57bl/6						MUS_MUSCULUS	NextSeq 500 (NextSeq500)	True	381	Tximport	v1.25.8-hotfix				SRA		mouse hippocampus region		Nucleus from Hippocampus brain region A1-P1-DG_S99_L001_R1		12.0	week
SRR4040387	SRP082327	12.000	c57bl/6						MUS_MUSCULUS	NextSeq 500 (NextSeq500)	True	381	Tximport	v1.25.8-hotfix				SRA		mouse hippocampus region		Nucleus from Hippocampus brain region A1-P2-CA1_S386_L001_R1		12.0	week
SRR4040388	SRP082327	12.000	c57bl/6						MUS_MUSCULUS	NextSeq 500 (NextSeq500)	True	381	Tximport	v1.25.8-hotfix				SRA		mouse hippocampus region		Nucleus from Hippocampus brain region A1-P2-CA1_S387_L001_R1		12.0	week
SRR4040389	SRP082327	12.000	c57bl/6						MUS_MUSCULUS	NextSeq 500 (NextSeq500)	True	381	Tximport	v1.25.8-hotfix				SRA		mouse hippocampus region		Nucleus from Hippocampus brain region A1-P2-CA1_S388_L001_R1		12.0	week
SRR4040390	SRP082327	12.000	c57bl/6						MUS_MUSCULUS	NextSeq 500 (NextSeq500)	True	381	Tximport	v1.25.8-hotfix				SRA		mouse hippocampus region		Nucleus from Hippocampus brain region A1-P2-CA1_S389_L001_R1		12.0	week
SRR4040391	SRP082327	12.000	c57bl/6						MUS_MUSCULUS	NextSeq 500 (NextSeq500)	True	381	Tximport	v1.25.8-hotfix				SRA		mouse hippocampus region		Nucleus from Hippocampus brain region A1-P2-CA1_S390_L001_R1		12.0	week
SRR4040392	SRP082327	12.000	c57bl/6						MUS_MUSCULUS	NextSeq 500 (NextSeq500)	True	381	Tximport	v1.25.8-hotfix				SRA		mouse hippocampus region		Nucleus from Hippocampus brain region A1-P2-CA1_S391_L001_R1		12.0	week
SRR4040393	SRP082327	12.000	c57bl/6						MUS_MUSCULUS	NextSeq 500 (NextSeq500)	True	381	Tximport	v1.25.8-hotfix				SRA		mouse hippocampus region		Nucleus from Hippocampus brain region A1-P2-CA1_S392_L001_R1		12.0	week
SRR4040394	SRP082327	12.000	c57bl/6						MUS_MUSCULUS	NextSeq 500 (NextSeq500)	True	381	Tximport	v1.25.8-hotfix				SRA		mouse hippocampus region		Nucleus from Hippocampus brain region A1-P2-CA1_S393_L001_R1		12.0	week
SRR4040395	SRP082327	12.000	c57bl/6						MUS_MUSCULUS	NextSeq 500 (NextSeq500)	True	381	Tximport	v1.25.8-hotfix				SRA		mouse hippocampus region		Nucleus from Hippocampus brain region A1-P2-CA1_S396_L001_R1		12.0	week
SRR4040396	SRP082327	12.000	c57bl/6						MUS_MUSCULUS	NextSeq 500 (NextSeq500)	True	381	Tximport	v1.25.8-hotfix				SRA		mouse hippocampus region		Nucleus from Hippocampus brain region A1-P2-CA1_S397_L001_R1		12.0	week
SRR4040397	SRP082327	12.000	c57bl/6						MUS_MUSCULUS	NextSeq 500 (NextSeq500)	True	381	Tximport	v1.25.8-hotfix				SRA		mouse hippocampus region		Nucleus from Hippocampus brain region A1-P2-CA1_S398_L001_R1		12.0	week
SRR4040398	SRP082327	12.000	c57bl/6						MUS_MUSCULUS	NextSeq 500 (NextSeq500)	True	381	Tximport	v1.25.8-hotfix				SRA		mouse hippocampus region		Nucleus from Hippocampus brain region A1-P2-CA1_S399_L001_R1		12.0	week
SRR4040399	SRP082327	12.000	c57bl/6						MUS_MUSCULUS	NextSeq 500 (NextSeq500)	True	381	Tximport	v1.25.8-hotfix				SRA		mouse hippocampus region		Nucleus from Hippocampus brain region A1-P2-CA1_S400_L001_R1		12.0	week
SRR4040400	SRP082327	12.000	c57bl/6						MUS_MUSCULUS	NextSeq 500 (NextSeq500)	True	381	Tximport	v1.25.8-hotfix				SRA		mouse hippocampus region		Nucleus from Hippocampus brain region A1-P2-CA1_S401_L001_R1		12.0	week
SRR4040401	SRP082327	12.000	c57bl/6						MUS_MUSCULUS	NextSeq 500 (NextSeq500)	True	381	Tximport	v1.25.8-hotfix				SRA		mouse hippocampus region		Nucleus from Hippocampus brain region A1-P2-CA1_S402_L001_R1		12.0	week
SRR4040402	SRP082327	12.000	c57bl/6						MUS_MUSCULUS	NextSeq 500 (NextSeq500)	True	381	Tximport	v1.25.8-hotfix				SRA		mouse hippocampus region		Nucleus from Hippocampus brain region A1-P2-CA1_S403_L001_R1		12.0	week
SRR4040403	SRP082327	12.000	c57bl/6						MUS_MUSCULUS	NextSeq 500 (NextSeq500)	True	381	Tximport	v1.25.8-hotfix				SRA		mouse hippocampus region		Nucleus from Hippocampus brain region A1-P2-CA1_S404_L001_R1		12.0	week
SRR4040404	SRP082327	12.000	c57bl/6						MUS_MUSCULUS	NextSeq 500 (NextSeq500)	True	381	Tximport	v1.25.8-hotfix				SRA		mouse hippocampus region		Nucleus from Hippocampus brain region A1-P2-CA1_S406_L001_R1		12.0	week
SRR4040405	SRP082327	12.000	c57bl/6						MUS_MUSCULUS	NextSeq 500 (NextSeq500)	True	381	Tximport	v1.25.8-hotfix				SRA		mouse hippocampus region		Nucleus from Hippocampus brain region A1-P2-CA1_S407_L001_R1		12.0	week
SRR4040406	SRP082327	12.000	c57bl/6						MUS_MUSCULUS	NextSeq 500 (NextSeq500)	True	381	Tximport	v1.25.8-hotfix				SRA		mouse hippocampus region		Nucleus from Hippocampus brain region A1-P2-CA1_S408_L001_R1		12.0	week
SRR4040407	SRP082327	12.000	c57bl/6						MUS_MUSCULUS	NextSeq 500 (NextSeq500)	True	381	Tximport	v1.25.8-hotfix				SRA		mouse hippocampus region		Nucleus from Hippocampus brain region A1-P2-CA1_S409_L001_R1		12.0	week
SRR4040408	SRP082327	12.000	c57bl/6						MUS_MUSCULUS	NextSeq 500 (NextSeq500)	True	381	Tximport	v1.25.8-hotfix				SRA		mouse hippocampus region		Nucleus from Hippocampus brain region A1-P2-CA1_S410_L001_R1		12.0	week
SRR4040409	SRP082327	12.000	c57bl/6						MUS_MUSCULUS	NextSeq 500 (NextSeq500)	True	381	Tximport	v1.25.8-hotfix				SRA		mouse hippocampus region		Nucleus from Hippocampus brain region A1-P2-CA1_S411_L001_R1		12.0	week
SRR4040410	SRP082327	12.000	c57bl/6						MUS_MUSCULUS	NextSeq 500 (NextSeq500)	True	381	Tximport	v1.25.8-hotfix				SRA		mouse hippocampus region		Nucleus from Hippocampus brain region A1-P2-CA1_S412_L001_R1		12.0	week
SRR4040411	SRP082327	12.000	c57bl/6						MUS_MUSCULUS	NextSeq 500 (NextSeq500)	True	381	Tximport	v1.25.8-hotfix				SRA		mouse hippocampus region		Nucleus from Hippocampus brain region A1-P2-CA1_S413_L001_R1		12.0	week
SRR4040412	SRP082327	12.000	c57bl/6						MUS_MUSCULUS	NextSeq 500 (NextSeq500)	True	381	Tximport	v1.25.8-hotfix				SRA		mouse hippocampus region		Nucleus from Hippocampus brain region A1-P2-CA1_S414_L001_R1		12.0	week
SRR4040413	SRP082327	12.000	c57bl/6						MUS_MUSCULUS	NextSeq 500 (NextSeq500)	True	381	Tximport	v1.25.8-hotfix				SRA		mouse hippocampus region		Nucleus from Hippocampus brain region A1-P2-CA1_S415_L001_R1		12.0	week
SRR4040414	SRP082327	12.000	c57bl/6						MUS_MUSCULUS	NextSeq 500 (NextSeq500)	True	381	Tximport	v1.25.8-hotfix				SRA		mouse hippocampus region		Nucleus from Hippocampus brain region A1-P2-CA1_S416_L001_R1		12.0	week
SRR4040415	SRP082327	12.000	c57bl/6						MUS_MUSCULUS	NextSeq 500 (NextSeq500)	True	381	Tximport	v1.25.8-hotfix				SRA		mouse hippocampus region		Nucleus from Hippocampus brain region A1-P2-CA1_S417_L001_R1		12.0	week
SRR4040416	SRP082327	12.000	c57bl/6						MUS_MUSCULUS	NextSeq 500 (NextSeq500)	True	381	Tximport	v1.25.8-hotfix				SRA		mouse hippocampus region		Nucleus from Hippocampus brain region A1-P2-CA1_S419_L001_R1		12.0	week
SRR4040417	SRP082327	12.000	c57bl/6						MUS_MUSCULUS	NextSeq 500 (NextSeq500)	True	381	Tximport	v1.25.8-hotfix				SRA		mouse hippocampus region		Nucleus from Hippocampus brain region A1-P2-CA1_S420_L001_R1		12.0	week
SRR4040418	SRP082327	12.000	c57bl/6						MUS_MUSCULUS	NextSeq 500 (NextSeq500)	True	381	Tximport	v1.25.8-hotfix				SRA		mouse hippocampus region		Nucleus from Hippocampus brain region A1-P2-CA1_S421_L001_R1		12.0	week
SRR4040419	SRP082327	12.000	c57bl/6						MUS_MUSCULUS	NextSeq 500 (NextSeq500)	True	381	Tximport	v1.25.8-hotfix				SRA		mouse hippocampus region		Nucleus from Hippocampus brain region A1-P2-CA1_S422_L001_R1		12.0	week
SRR4040420	SRP082327	12.000	c57bl/6						MUS_MUSCULUS	NextSeq 500 (NextSeq500)	True	381	Tximport	v1.25.8-hotfix				SRA		mouse hippocampus region		Nucleus from Hippocampus brain region A1-P2-CA1_S423_L001_R1		12.0	week
SRR4040421	SRP082327	12.000	c57bl/6						MUS_MUSCULUS	NextSeq 500 (NextSeq500)	True	381	Tximport	v1.25.8-hotfix				SRA		mouse hippocampus region		Nucleus from Hippocampus brain region A1-P2-CA1_S424_L001_R1		12.0	week
SRR4040422	SRP082327	12.000	c57bl/6						MUS_MUSCULUS	NextSeq 500 (NextSeq500)	True	381	Tximport	v1.25.8-hotfix				SRA		mouse hippocampus region		Nucleus from Hippocampus brain region A1-P2-CA1_S425_L001_R1		12.0	week
SRR4040423	SRP082327	12.000	c57bl/6						MUS_MUSCULUS	NextSeq 500 (NextSeq500)	True	381	Tximport	v1.25.8-hotfix				SRA		mouse hippocampus region		Nucleus from Hippocampus brain region A1-P2-CA1_S427_L001_R1		12.0	week
SRR4040424	SRP082327	12.000	c57bl/6						MUS_MUSCULUS	NextSeq 500 (NextSeq500)	True	381	Tximport	v1.25.8-hotfix				SRA		mouse hippocampus region		Nucleus from Hippocampus brain region A1-P2-CA1_S428_L001_R1		12.0	week
SRR4040425	SRP082327	12.000	c57bl/6						MUS_MUSCULUS	NextSeq 500 (NextSeq500)	True	381	Tximport	v1.25.8-hotfix				SRA		mouse hippocampus region		Nucleus from Hippocampus brain region A1-P2-CA1_S429_L001_R1		12.0	week
SRR4040426	SRP082327	12.000	c57bl/6						MUS_MUSCULUS	NextSeq 500 (NextSeq500)	True	381	Tximport	v1.25.8-hotfix				SRA		mouse hippocampus region		Nucleus from Hippocampus brain region A1-P2-CA1_S430_L001_R1		12.0	week
SRR4040427	SRP082327	12.000	c57bl/6						MUS_MUSCULUS	NextSeq 500 (NextSeq500)	True	381	Tximport	v1.25.8-hotfix				SRA		mouse hippocampus region		Nucleus from Hippocampus brain region A1-P2-CA1_S431_L001_R1		12.0	week
SRR4040428	SRP082327	12.000	c57bl/6						MUS_MUSCULUS	NextSeq 500 (NextSeq500)	True	381	Tximport	v1.25.8-hotfix				SRA		mouse hippocampus region		Nucleus from Hippocampus brain region A1-P2-CA1_S432_L001_R1		12.0	week
SRR4040429	SRP082327	12.000	c57bl/6						MUS_MUSCULUS	NextSeq 500 (NextSeq500)	True	381	Tximport	v1.25.8-hotfix				SRA		mouse hippocampus region		Nucleus from Hippocampus brain region A1-P2-CA1_S433_L001_R1		12.0	week
SRR4040430	SRP082327	12.000	c57bl/6						MUS_MUSCULUS	NextSeq 500 (NextSeq500)	True	381	Tximport	v1.25.8-hotfix				SRA		mouse hippocampus region		Nucleus from Hippocampus brain region A1-P2-CA1_S434_L001_R1		12.0	week
SRR4040431	SRP082327	12.000	c57bl/6						MUS_MUSCULUS	NextSeq 500 (NextSeq500)	True	381	Tximport	v1.25.8-hotfix				SRA		mouse hippocampus region		Nucleus from Hippocampus brain region A1-P2-CA1_S435_L001_R1		12.0	week
SRR4040432	SRP082327	12.000	c57bl/6						MUS_MUSCULUS	NextSeq 500 (NextSeq500)	True	381	Tximport	v1.25.8-hotfix				SRA		mouse hippocampus region		Nucleus from Hippocampus brain region A1-P2-CA1_S436_L001_R1		12.0	week
SRR4040433	SRP082327	12.000	c57bl/6						MUS_MUSCULUS	NextSeq 500 (NextSeq500)	True	381	Tximport	v1.25.8-hotfix				SRA		mouse hippocampus region		Nucleus from Hippocampus brain region A1-P2-CA1_S437_L001_R1		12.0	week
SRR4040434	SRP082327	12.000	c57bl/6						MUS_MUSCULUS	NextSeq 500 (NextSeq500)	True	381	Tximport	v1.25.8-hotfix				SRA		mouse hippocampus region		Nucleus from Hippocampus brain region A1-P2-CA1_S438_L001_R1		12.0	week
SRR4040435	SRP082327	12.000	c57bl/6						MUS_MUSCULUS	NextSeq 500 (NextSeq500)	True	381	Tximport	v1.25.8-hotfix				SRA		mouse hippocampus region		Nucleus from Hippocampus brain region A1-P2-CA1_S439_L001_R1		12.0	week
SRR4040436	SRP082327	12.000	c57bl/6						MUS_MUSCULUS	NextSeq 500 (NextSeq500)	True	381	Tximport	v1.25.8-hotfix				SRA		mouse hippocampus region		Nucleus from Hippocampus brain region A1-P2-CA1_S440_L001_R1		12.0	week
SRR4040437	SRP082327	12.000	c57bl/6						MUS_MUSCULUS	NextSeq 500 (NextSeq500)	True	381	Tximport	v1.25.8-hotfix				SRA		mouse hippocampus region		Nucleus from Hippocampus brain region A1-P2-CA1_S445_L001_R1		12.0	week
SRR4040438	SRP082327	12.000	c57bl/6						MUS_MUSCULUS	NextSeq 500 (NextSeq500)	True	381	Tximport	v1.25.8-hotfix				SRA		mouse hippocampus region		Nucleus from Hippocampus brain region A1-P2-CA1_S455_L001_R1		12.0	week
SRR4040439	SRP082327	12.000	c57bl/6						MUS_MUSCULUS	NextSeq 500 (NextSeq500)	True	381	Tximport	v1.25.8-hotfix				SRA		mouse hippocampus region		Nucleus from Hippocampus brain region A1-P2-CA1_S458_L001_R1		12.0	week
SRR4040440	SRP082327	12.000	c57bl/6						MUS_MUSCULUS	NextSeq 500 (NextSeq500)	True	381	Tximport	v1.25.8-hotfix				SRA		mouse hippocampus region		Nucleus from Hippocampus brain region A1-P2-CA1_S459_L001_R1		12.0	week
SRR4040441	SRP082327	12.000	c57bl/6						MUS_MUSCULUS	NextSeq 500 (NextSeq500)	True	381	Tximport	v1.25.8-hotfix				SRA		mouse hippocampus region		Nucleus from Hippocampus brain region A1-P2-CA1_S460_L001_R1		12.0	week
SRR4040442	SRP082327	12.000	c57bl/6						MUS_MUSCULUS	NextSeq 500 (NextSeq500)	True	381	Tximport	v1.25.8-hotfix				SRA		mouse hippocampus region		Nucleus from Hippocampus brain region A1-P2-CA1_S461_L001_R1		12.0	week
SRR4040443	SRP082327	12.000	c57bl/6						MUS_MUSCULUS	NextSeq 500 (NextSeq500)	True	381	Tximport	v1.25.8-hotfix				SRA		mouse hippocampus region		Nucleus from Hippocampus brain region A1-P2-CA1_S463_L001_R1		12.0	week
SRR4040444	SRP082327	12.000	c57bl/6						MUS_MUSCULUS	NextSeq 500 (NextSeq500)	True	381	Tximport	v1.25.8-hotfix				SRA		mouse hippocampus region		Nucleus from Hippocampus brain region A1-P2-CA1_S466_L001_R1		12.0	week
SRR4040445	SRP082327	12.000	c57bl/6						MUS_MUSCULUS	NextSeq 500 (NextSeq500)	True	381	Tximport	v1.25.8-hotfix				SRA		mouse hippocampus region		Nucleus from Hippocampus brain region A1-P2-CA1_S468_L001_R1		12.0	week
SRR4040446	SRP082327	12.000	c57bl/6						MUS_MUSCULUS	NextSeq 500 (NextSeq500)	True	381	Tximport	v1.25.8-hotfix				SRA		mouse hippocampus region		Nucleus from Hippocampus brain region A1-P2-DG_S194_L001_R1		12.0	week
SRR4040447	SRP082327	12.000	c57bl/6						MUS_MUSCULUS	NextSeq 500 (NextSeq500)	True	381	Tximport	v1.25.8-hotfix				SRA		mouse hippocampus region		Nucleus from Hippocampus brain region A1-P2-DG_S195_L001_R1		12.0	week
SRR4040448	SRP082327	12.000	c57bl/6						MUS_MUSCULUS	NextSeq 500 (NextSeq500)	True	381	Tximport	v1.25.8-hotfix				SRA		mouse hippocampus region		Nucleus from Hippocampus brain region A1-P2-DG_S196_L001_R1		12.0	week
SRR4040449	SRP082327	12.000	c57bl/6						MUS_MUSCULUS	NextSeq 500 (NextSeq500)	True	381	Tximport	v1.25.8-hotfix				SRA		mouse hippocampus region		Nucleus from Hippocampus brain region A1-P2-DG_S198_L001_R1		12.0	week
SRR4040450	SRP082327	12.000	c57bl/6						MUS_MUSCULUS	NextSeq 500 (NextSeq500)	True	381	Tximport	v1.25.8-hotfix				SRA		mouse hippocampus region		Nucleus from Hippocampus brain region A1-P2-DG_S199_L001_R1		12.0	week
SRR4040451	SRP082327	12.000	c57bl/6						MUS_MUSCULUS	NextSeq 500 (NextSeq500)	True	381	Tximport	v1.25.8-hotfix				SRA		mouse hippocampus region		Nucleus from Hippocampus brain region A1-P2-DG_S201_L001_R1		12.0	week
SRR4040452	SRP082327	12.000	c57bl/6						MUS_MUSCULUS	NextSeq 500 (NextSeq500)	True	381	Tximport	v1.25.8-hotfix				SRA		mouse hippocampus region		Nucleus from Hippocampus brain region A1-P2-DG_S203_L001_R1		12.0	week
SRR4040453	SRP082327	12.000	c57bl/6						MUS_MUSCULUS	NextSeq 500 (NextSeq500)	True	381	Tximport	v1.25.8-hotfix				SRA		mouse hippocampus region		Nucleus from Hippocampus brain region A1-P2-DG_S206_L001_R1		12.0	week
SRR4040454	SRP082327	12.000	c57bl/6						MUS_MUSCULUS	NextSeq 500 (NextSeq500)	True	381	Tximport	v1.25.8-hotfix				SRA		mouse hippocampus region		Nucleus from Hippocampus brain region A1-P2-DG_S207_L001_R1		12.0	week
SRR4040455	SRP082327	12.000	c57bl/6						MUS_MUSCULUS	NextSeq 500 (NextSeq500)	True	381	Tximport	v1.25.8-hotfix				SRA		mouse hippocampus region		Nucleus from Hippocampus brain region A1-P2-DG_S208_L001_R1		12.0	week
SRR4040456	SRP082327	12.000	c57bl/6						MUS_MUSCULUS	NextSeq 500 (NextSeq500)	True	381	Tximport	v1.25.8-hotfix				SRA		mouse hippocampus region		Nucleus from Hippocampus brain region A1-P2-DG_S209_L001_R1		12.0	week
SRR4040457	SRP082327	12.000	c57bl/6						MUS_MUSCULUS	NextSeq 500 (NextSeq500)	True	381	Tximport	v1.25.8-hotfix				SRA		mouse hippocampus region		Nucleus from Hippocampus brain region A1-P2-DG_S210_L001_R1		12.0	week
SRR4040458	SRP082327	12.000	c57bl/6						MUS_MUSCULUS	NextSeq 500 (NextSeq500)	True	381	Tximport	v1.25.8-hotfix				SRA		mouse hippocampus region		Nucleus from Hippocampus brain region A1-P2-DG_S211_L001_R1		12.0	week
SRR4040459	SRP082327	12.000	c57bl/6						MUS_MUSCULUS	NextSeq 500 (NextSeq500)	True	381	Tximport	v1.25.8-hotfix				SRA		mouse hippocampus region		Nucleus from Hippocampus brain region A1-P2-DG_S213_L001_R1		12.0	week
SRR4040460	SRP082327	12.000	c57bl/6						MUS_MUSCULUS	NextSeq 500 (NextSeq500)	True	381	Tximport	v1.25.8-hotfix				SRA		mouse hippocampus region		Nucleus from Hippocampus brain region A1-P2-DG_S214_L001_R1		12.0	week
SRR4040461	SRP082327	12.000	c57bl/6						MUS_MUSCULUS	NextSeq 500 (NextSeq500)	True	381	Tximport	v1.25.8-hotfix				SRA		mouse hippocampus region		Nucleus from Hippocampus brain region A1-P2-DG_S215_L001_R1		12.0	week
SRR4040462	SRP082327	12.000	c57bl/6						MUS_MUSCULUS	NextSeq 500 (NextSeq500)	True	381	Tximport	v1.25.8-hotfix				SRA		mouse hippocampus region		Nucleus from Hippocampus brain region A1-P2-DG_S217_L001_R1		12.0	week
SRR4040463	SRP082327	12.000	c57bl/6						MUS_MUSCULUS	NextSeq 500 (NextSeq500)	True	381	Tximport	v1.25.8-hotfix				SRA		mouse hippocampus region		Nucleus from Hippocampus brain region A1-P2-DG_S218_L001_R1		12.0	week
SRR4040464	SRP082327	12.000	c57bl/6						MUS_MUSCULUS	NextSeq 500 (NextSeq500)	True	381	Tximport	v1.25.8-hotfix				SRA		mouse hippocampus region		Nucleus from Hippocampus brain region A1-P2-DG_S219_L001_R1		12.0	week
SRR4040465	SRP082327	12.000	c57bl/6						MUS_MUSCULUS	NextSeq 500 (NextSeq500)	True	381	Tximport	v1.25.8-hotfix				SRA		mouse hippocampus region		Nucleus from Hippocampus brain region A1-P2-DG_S220_L001_R1		12.0	week
SRR4040466	SRP082327	12.000	c57bl/6						MUS_MUSCULUS	NextSeq 500 (NextSeq500)	True	381	Tximport	v1.25.8-hotfix				SRA		mouse hippocampus region		Nucleus from Hippocampus brain region A1-P2-DG_S221_L001_R1		12.0	week
SRR4040467	SRP082327	12.000	c57bl/6						MUS_MUSCULUS	NextSeq 500 (NextSeq500)	True	381	Tximport	v1.25.8-hotfix				SRA		mouse hippocampus region		Nucleus from Hippocampus brain region A1-P2-DG_S222_L001_R1		12.0	week
SRR4040468	SRP082327	12.000	c57bl/6						MUS_MUSCULUS	NextSeq 500 (NextSeq500)	True	381	Tximport	v1.25.8-hotfix				SRA		mouse hippocampus region		Nucleus from Hippocampus brain region A1-P2-DG_S223_L001_R1		12.0	week
SRR4040469	SRP082327	12.000	c57bl/6						MUS_MUSCULUS	NextSeq 500 (NextSeq500)	True	381	Tximport	v1.25.8-hotfix				SRA		mouse hippocampus region		Nucleus from Hippocampus brain region A1-P2-DG_S224_L001_R1		12.0	week
SRR4040470	SRP082327	12.000	c57bl/6						MUS_MUSCULUS	NextSeq 500 (NextSeq500)	True	381	Tximport	v1.25.8-hotfix				SRA		mouse hippocampus region		Nucleus from Hippocampus brain region A1-P2-DG_S226_L001_R1		12.0	week
SRR4040471	SRP082327	12.000	c57bl/6						MUS_MUSCULUS	NextSeq 500 (NextSeq500)	True	381	Tximport	v1.25.8-hotfix				SRA		mouse hippocampus region		Nucleus from Hippocampus brain region A1-P2-DG_S227_L001_R1		12.0	week
SRR4040472	SRP082327	12.000	c57bl/6						MUS_MUSCULUS	NextSeq 500 (NextSeq500)	True	381	Tximport	v1.25.8-hotfix				SRA		mouse hippocampus region		Nucleus from Hippocampus brain region A1-P2-DG_S228_L001_R1		12.0	week
SRR4040473	SRP082327	12.000	c57bl/6						MUS_MUSCULUS	NextSeq 500 (NextSeq500)	True	381	Tximport	v1.25.8-hotfix				SRA		mouse hippocampus region		Nucleus from Hippocampus brain region A1-P2-DG_S230_L001_R1		12.0	week
SRR4040474	SRP082327	12.000	c57bl/6						MUS_MUSCULUS	NextSeq 500 (NextSeq500)	True	381	Tximport	v1.25.8-hotfix				SRA		mouse hippocampus region		Nucleus from Hippocampus brain region A1-P2-DG_S231_L001_R1		12.0	week
SRR4040475	SRP082327	12.000	c57bl/6						MUS_MUSCULUS	NextSeq 500 (NextSeq500)	True	381	Tximport	v1.25.8-hotfix				SRA		mouse hippocampus region		Nucleus from Hippocampus brain region A1-P2-DG_S232_L001_R1		12.0	week
SRR4040476	SRP082327	12.000	c57bl/6						MUS_MUSCULUS	NextSeq 500 (NextSeq500)	True	381	Tximport	v1.25.8-hotfix				SRA		mouse hippocampus region		Nucleus from Hippocampus brain region A1-P2-DG_S234_L001_R1		12.0	week
SRR4040477	SRP082327	12.000	c57bl/6						MUS_MUSCULUS	NextSeq 500 (NextSeq500)	True	381	Tximport	v1.25.8-hotfix				SRA		mouse hippocampus region		Nucleus from Hippocampus brain region A1-P2-DG_S237_L001_R1		12.0	week
SRR4040478	SRP082327	12.000	c57bl/6						MUS_MUSCULUS	NextSeq 500 (NextSeq500)	True	381	Tximport	v1.25.8-hotfix				SRA		mouse hippocampus region		Nucleus from Hippocampus brain region A1-P2-DG_S238_L001_R1		12.0	week
SRR4040479	SRP082327	12.000	c57bl/6						MUS_MUSCULUS	NextSeq 500 (NextSeq500)	True	381	Tximport	v1.25.8-hotfix				SRA		mouse hippocampus region		Nucleus from Hippocampus brain region A1-P2-DG_S239_L001_R1		12.0	week
SRR4040480	SRP082327	12.000	c57bl/6						MUS_MUSCULUS	NextSeq 500 (NextSeq500)	True	381	Tximport	v1.25.8-hotfix				SRA		mouse hippocampus region		Nucleus from Hippocampus brain region A1-P2-DG_S240_L001_R1		12.0	week
SRR4040481	SRP082327	12.000	c57bl/6						MUS_MUSCULUS	NextSeq 500 (NextSeq500)	True	381	Tximport	v1.25.8-hotfix				SRA		mouse hippocampus region		Nucleus from Hippocampus brain region A1-P2-DG_S242_L001_R1		12.0	week
SRR4040482	SRP082327	12.000	c57bl/6						MUS_MUSCULUS	NextSeq 500 (NextSeq500)	True	381	Tximport	v1.25.8-hotfix				SRA		mouse hippocampus region		Nucleus from Hippocampus brain region A1-P2-DG_S243_L001_R1		12.0	week
SRR4040483	SRP082327	12.000	c57bl/6						MUS_MUSCULUS	NextSeq 500 (NextSeq500)	True	381	Tximport	v1.25.8-hotfix				SRA		mouse hippocampus region		Nucleus from Hippocampus brain region A1-P2-DG_S245_L001_R1		12.0	week
SRR4040484	SRP082327	12.000	c57bl/6						MUS_MUSCULUS	NextSeq 500 (NextSeq500)	True	381	Tximport	v1.25.8-hotfix				SRA		mouse hippocampus region		Nucleus from Hippocampus brain region A1-P2-DG_S246_L001_R1		12.0	week
SRR4040485	SRP082327	12.000	c57bl/6						MUS_MUSCULUS	NextSeq 500 (NextSeq500)	True	381	Tximport	v1.25.8-hotfix				SRA		mouse hippocampus region		Nucleus from Hippocampus brain region A1-P2-DG_S248_L001_R1		12.0	week
SRR4040486	SRP082327	12.000	c57bl/6						MUS_MUSCULUS	NextSeq 500 (NextSeq500)	True	381	Tximport	v1.25.8-hotfix				SRA		mouse hippocampus region		Nucleus from Hippocampus brain region A1-P2-DG_S249_L001_R1		12.0	week
SRR4040487	SRP082327	12.000	c57bl/6						MUS_MUSCULUS	NextSeq 500 (NextSeq500)	True	381	Tximport	v1.25.8-hotfix				SRA		mouse hippocampus region		Nucleus from Hippocampus brain region A1-P2-DG_S250_L001_R1		12.0	week
SRR4040488	SRP082327	12.000	c57bl/6						MUS_MUSCULUS	NextSeq 500 (NextSeq500)	True	381	Tximport	v1.25.8-hotfix				SRA		mouse hippocampus region		Nucleus from Hippocampus brain region A1-P2-DG_S251_L001_R1		12.0	week
SRR4040489	SRP082327	12.000	c57bl/6						MUS_MUSCULUS	NextSeq 500 (NextSeq500)	True	381	Tximport	v1.25.8-hotfix				SRA		mouse hippocampus region		Nucleus from Hippocampus brain region A1-P2-DG_S253_L001_R1		12.0	week
SRR4040490	SRP082327	12.000	c57bl/6						MUS_MUSCULUS	NextSeq 500 (NextSeq500)	True	381	Tximport	v1.25.8-hotfix				SRA		mouse hippocampus region		Nucleus from Hippocampus brain region A1-P2-DG_S254_L001_R1		12.0	week
SRR4040491	SRP082327	12.000	c57bl/6						MUS_MUSCULUS	NextSeq 500 (NextSeq500)	True	381	Tximport	v1.25.8-hotfix				SRA		mouse hippocampus region		Nucleus from Hippocampus brain region A1-P2-DG_S256_L001_R1		12.0	week
SRR4040492	SRP082327	12.000	c57bl/6						MUS_MUSCULUS	NextSeq 500 (NextSeq500)	True	381	Tximport	v1.25.8-hotfix				SRA		mouse hippocampus region		Nucleus from Hippocampus brain region A1-P2-DG_S258_L001_R1		12.0	week
SRR4040493	SRP082327	12.000	c57bl/6						MUS_MUSCULUS	NextSeq 500 (NextSeq500)	True	381	Tximport	v1.25.8-hotfix				SRA		mouse hippocampus region		Nucleus from Hippocampus brain region A1-P2-DG_S259_L001_R1		12.0	week
SRR4040494	SRP082327	12.000	c57bl/6						MUS_MUSCULUS	NextSeq 500 (NextSeq500)	True	381	Tximport	v1.25.8-hotfix				SRA		mouse hippocampus region		Nucleus from Hippocampus brain region A1-P2-DG_S260_L001_R1		12.0	week
SRR4040495	SRP082327	12.000	c57bl/6						MUS_MUSCULUS	NextSeq 500 (NextSeq500)	True	381	Tximport	v1.25.8-hotfix				SRA		mouse hippocampus region		Nucleus from Hippocampus brain region A1-P2-DG_S261_L001_R1		12.0	week
SRR4040496	SRP082327	12.000	c57bl/6						MUS_MUSCULUS	NextSeq 500 (NextSeq500)	True	381	Tximport	v1.25.8-hotfix				SRA		mouse hippocampus region		Nucleus from Hippocampus brain region A1-P2-DG_S262_L001_R1		12.0	week
SRR4040497	SRP082327	12.000	c57bl/6						MUS_MUSCULUS	NextSeq 500 (NextSeq500)	True	381	Tximport	v1.25.8-hotfix				SRA		mouse hippocampus region		Nucleus from Hippocampus brain region A1-P2-DG_S263_L001_R1		12.0	week
SRR4040498	SRP082327	12.000	c57bl/6						MUS_MUSCULUS	NextSeq 500 (NextSeq500)	True	381	Tximport	v1.25.8-hotfix				SRA		mouse hippocampus region		Nucleus from Hippocampus brain region A1-P2-DG_S264_L001_R1		12.0	week
SRR4040499	SRP082327	12.000	c57bl/6						MUS_MUSCULUS	NextSeq 500 (NextSeq500)	True	381	Tximport	v1.25.8-hotfix				SRA		mouse hippocampus region		Nucleus from Hippocampus brain region A1-P2-DG_S265_L001_R1		12.0	week
SRR4040500	SRP082327	12.000	c57bl/6						MUS_MUSCULUS	NextSeq 500 (NextSeq500)	True	381	Tximport	v1.25.8-hotfix				SRA		mouse hippocampus region		Nucleus from Hippocampus brain region A1-P2-DG_S266_L001_R1		12.0	week
SRR4040501	SRP082327	12.000	c57bl/6						MUS_MUSCULUS	NextSeq 500 (NextSeq500)	True	381	Tximport	v1.25.8-hotfix				SRA		mouse hippocampus region		Nucleus from Hippocampus brain region A1-P2-DG_S267_L001_R1		12.0	week
SRR4040502	SRP082327	12.000	c57bl/6						MUS_MUSCULUS	NextSeq 500 (NextSeq500)	True	381	Tximport	v1.25.8-hotfix				SRA		mouse hippocampus region		Nucleus from Hippocampus brain region A1-P2-DG_S268_L001_R1		12.0	week
SRR4040503	SRP082327	12.000	c57bl/6						MUS_MUSCULUS	NextSeq 500 (NextSeq500)	True	381	Tximport	v1.25.8-hotfix				SRA		mouse hippocampus region		Nucleus from Hippocampus brain region A1-P2-DG_S269_L001_R1		12.0	week
SRR4040504	SRP082327	12.000	c57bl/6						MUS_MUSCULUS	NextSeq 500 (NextSeq500)	True	381	Tximport	v1.25.8-hotfix				SRA		mouse hippocampus region		Nucleus from Hippocampus brain region A1-P2-DG_S270_L001_R1		12.0	week
SRR4040505	SRP082327	12.000	c57bl/6						MUS_MUSCULUS	NextSeq 500 (NextSeq500)	True	381	Tximport	v1.25.8-hotfix				SRA		mouse hippocampus region		Nucleus from Hippocampus brain region A1-P2-DG_S271_L001_R1		12.0	week
SRR4040506	SRP082327	12.000	c57bl/6						MUS_MUSCULUS	NextSeq 500 (NextSeq500)	True	381	Tximport	v1.25.8-hotfix				SRA		mouse hippocampus region		Nucleus from Hippocampus brain region A1-P2-DG_S272_L001_R1		12.0	week
SRR4040507	SRP082327	12.000	c57bl/6						MUS_MUSCULUS	NextSeq 500 (NextSeq500)	True	381	Tximport	v1.25.8-hotfix				SRA		mouse hippocampus region		Nucleus from Hippocampus brain region A1-P2-DG_S273_L001_R1		12.0	week
SRR4040508	SRP082327	12.000	c57bl/6						MUS_MUSCULUS	NextSeq 500 (NextSeq500)	True	381	Tximport	v1.25.8-hotfix				SRA		mouse hippocampus region		Nucleus from Hippocampus brain region A1-P2-DG_S274_L001_R1		12.0	week
SRR4040509	SRP082327	12.000	c57bl/6						MUS_MUSCULUS	NextSeq 500 (NextSeq500)	True	381	Tximport	v1.25.8-hotfix				SRA		mouse hippocampus region		Nucleus from Hippocampus brain region A1-P2-DG_S275_L001_R1		12.0	week
SRR4040510	SRP082327	12.000	c57bl/6						MUS_MUSCULUS	NextSeq 500 (NextSeq500)	True	381	Tximport	v1.25.8-hotfix				SRA		mouse hippocampus region		Nucleus from Hippocampus brain region A1-P2-DG_S277_L001_R1		12.0	week
SRR4040511	SRP082327	12.000	c57bl/6						MUS_MUSCULUS	NextSeq 500 (NextSeq500)	True	381	Tximport	v1.25.8-hotfix				SRA		mouse hippocampus region		Nucleus from Hippocampus brain region A1-P2-DG_S279_L001_R1		12.0	week
SRR4040512	SRP082327	12.000	c57bl/6						MUS_MUSCULUS	NextSeq 500 (NextSeq500)	True	381	Tximport	v1.25.8-hotfix				SRA		mouse hippocampus region		Nucleus from Hippocampus brain region A1-P2-DG_S280_L001_R1		12.0	week
SRR4040513	SRP082327	12.000	c57bl/6						MUS_MUSCULUS	NextSeq 500 (NextSeq500)	True	381	Tximport	v1.25.8-hotfix				SRA		mouse hippocampus region		Nucleus from Hippocampus brain region A1-P2-DG_S281_L001_R1		12.0	week
SRR4040514	SRP082327	12.000	c57bl/6						MUS_MUSCULUS	NextSeq 500 (NextSeq500)	True	381	Tximport	v1.25.8-hotfix				SRA		mouse hippocampus region		Nucleus from Hippocampus brain region A1-P2-DG_S282_L001_R1		12.0	week
SRR4040515	SRP082327	12.000	c57bl/6						MUS_MUSCULUS	NextSeq 500 (NextSeq500)	True	381	Tximport	v1.25.8-hotfix				SRA		mouse hippocampus region		Nucleus from Hippocampus brain region A1-P2-DG_S283_L001_R1		12.0	week
SRR4040516	SRP082327	12.000	c57bl/6						MUS_MUSCULUS	NextSeq 500 (NextSeq500)	True	381	Tximport	v1.25.8-hotfix				SRA		mouse hippocampus region		Nucleus from Hippocampus brain region A1-P3-CA23_S481_L001_R1		12.0	week
SRR4040517	SRP082327	12.000	c57bl/6						MUS_MUSCULUS	NextSeq 500 (NextSeq500)	True	381	Tximport	v1.25.8-hotfix				SRA		mouse hippocampus region		Nucleus from Hippocampus brain region A1-P3-CA23_S482_L001_R1		12.0	week
SRR4040518	SRP082327	12.000	c57bl/6						MUS_MUSCULUS	NextSeq 500 (NextSeq500)	True	381	Tximport	v1.25.8-hotfix				SRA		mouse hippocampus region		Nucleus from Hippocampus brain region A1-P3-CA23_S483_L001_R1		12.0	week
SRR4040519	SRP082327	12.000	c57bl/6						MUS_MUSCULUS	NextSeq 500 (NextSeq500)	True	381	Tximport	v1.25.8-hotfix				SRA		mouse hippocampus region		Nucleus from Hippocampus brain region A1-P3-CA23_S484_L001_R1		12.0	week
SRR4040520	SRP082327	12.000	c57bl/6						MUS_MUSCULUS	NextSeq 500 (NextSeq500)	True	381	Tximport	v1.25.8-hotfix				SRA		mouse hippocampus region		Nucleus from Hippocampus brain region A1-P3-CA23_S485_L001_R1		12.0	week
SRR4040521	SRP082327	12.000	c57bl/6						MUS_MUSCULUS	NextSeq 500 (NextSeq500)	True	381	Tximport	v1.25.8-hotfix				SRA		mouse hippocampus region		Nucleus from Hippocampus brain region A1-P3-CA23_S490_L001_R1		12.0	week
SRR4040522	SRP082327	12.000	c57bl/6						MUS_MUSCULUS	NextSeq 500 (NextSeq500)	True	381	Tximport	v1.25.8-hotfix				SRA		mouse hippocampus region		Nucleus from Hippocampus brain region A1-P3-CA23_S493_L001_R1		12.0	week
SRR4040523	SRP082327	12.000	c57bl/6						MUS_MUSCULUS	NextSeq 500 (NextSeq500)	True	381	Tximport	v1.25.8-hotfix				SRA		mouse hippocampus region		Nucleus from Hippocampus brain region A1-P3-CA23_S494_L001_R1		12.0	week
SRR4040524	SRP082327	12.000	c57bl/6						MUS_MUSCULUS	NextSeq 500 (NextSeq500)	True	381	Tximport	v1.25.8-hotfix				SRA		mouse hippocampus region		Nucleus from Hippocampus brain region A1-P3-CA23_S505_L001_R1		12.0	week
SRR4040525	SRP082327	12.000	c57bl/6						MUS_MUSCULUS	NextSeq 500 (NextSeq500)	True	381	Tximport	v1.25.8-hotfix				SRA		mouse hippocampus region		Nucleus from Hippocampus brain region A1-P3-CA23_S506_L001_R1		12.0	week
SRR4040526	SRP082327	12.000	c57bl/6						MUS_MUSCULUS	NextSeq 500 (NextSeq500)	True	381	Tximport	v1.25.8-hotfix				SRA		mouse hippocampus region		Nucleus from Hippocampus brain region A1-P3-CA23_S507_L001_R1		12.0	week
SRR4040527	SRP082327	12.000	c57bl/6						MUS_MUSCULUS	NextSeq 500 (NextSeq500)	True	381	Tximport	v1.25.8-hotfix				SRA		mouse hippocampus region		Nucleus from Hippocampus brain region A1-P3-CA23_S508_L001_R1		12.0	week
SRR4040528	SRP082327	12.000	c57bl/6						MUS_MUSCULUS	NextSeq 500 (NextSeq500)	True	381	Tximport	v1.25.8-hotfix				SRA		mouse hippocampus region		Nucleus from Hippocampus brain region A1-P3-CA23_S509_L001_R1		12.0	week
SRR4040529	SRP082327	12.000	c57bl/6						MUS_MUSCULUS	NextSeq 500 (NextSeq500)	True	381	Tximport	v1.25.8-hotfix				SRA		mouse hippocampus region		Nucleus from Hippocampus brain region A1-P3-CA23_S510_L001_R1		12.0	week
SRR4040530	SRP082327	12.000	c57bl/6						MUS_MUSCULUS	NextSeq 500 (NextSeq500)	True	381	Tximport	v1.25.8-hotfix				SRA		mouse hippocampus region		Nucleus from Hippocampus brain region A1-P3-CA23_S511_L001_R1		12.0	week
SRR4040531	SRP082327	12.000	c57bl/6						MUS_MUSCULUS	NextSeq 500 (NextSeq500)	True	381	Tximport	v1.25.8-hotfix				SRA		mouse hippocampus region		Nucleus from Hippocampus brain region A1-P3-CA23_S512_L001_R1		12.0	week
SRR4040532	SRP082327	12.000	c57bl/6						MUS_MUSCULUS	NextSeq 500 (NextSeq500)	True	381	Tximport	v1.25.8-hotfix				SRA		mouse hippocampus region		Nucleus from Hippocampus brain region A1-P3-CA23_S515_L001_R1		12.0	week
SRR4040533	SRP082327	12.000	c57bl/6						MUS_MUSCULUS	NextSeq 500 (NextSeq500)	True	381	Tximport	v1.25.8-hotfix				SRA		mouse hippocampus region		Nucleus from Hippocampus brain region A1-P3-CA23_S516_L001_R1		12.0	week
SRR4040534	SRP082327	12.000	c57bl/6						MUS_MUSCULUS	NextSeq 500 (NextSeq500)	True	381	Tximport	v1.25.8-hotfix				SRA		mouse hippocampus region		Nucleus from Hippocampus brain region A1-P3-CA23_S517_L001_R1		12.0	week
SRR4040535	SRP082327	12.000	c57bl/6						MUS_MUSCULUS	NextSeq 500 (NextSeq500)	True	381	Tximport	v1.25.8-hotfix				SRA		mouse hippocampus region		Nucleus from Hippocampus brain region A1-P3-CA23_S518_L001_R1		12.0	week
SRR4040536	SRP082327	12.000	c57bl/6						MUS_MUSCULUS	NextSeq 500 (NextSeq500)	True	381	Tximport	v1.25.8-hotfix				SRA		mouse hippocampus region		Nucleus from Hippocampus brain region A1-P3-CA23_S519_L001_R1		12.0	week
SRR4040537	SRP082327	12.000	c57bl/6						MUS_MUSCULUS	NextSeq 500 (NextSeq500)	True	381	Tximport	v1.25.8-hotfix				SRA		mouse hippocampus region		Nucleus from Hippocampus brain region A1-P3-CA23_S520_L001_R1		12.0	week
SRR4040538	SRP082327	12.000	c57bl/6						MUS_MUSCULUS	NextSeq 500 (NextSeq500)	True	381	Tximport	v1.25.8-hotfix				SRA		mouse hippocampus region		Nucleus from Hippocampus brain region A1-P3-CA23_S521_L001_R1		12.0	week
SRR4040539	SRP082327	12.000	c57bl/6						MUS_MUSCULUS	NextSeq 500 (NextSeq500)	True	381	Tximport	v1.25.8-hotfix				SRA		mouse hippocampus region		Nucleus from Hippocampus brain region A1-P3-CA23_S524_L001_R1		12.0	week
SRR4040540	SRP082327	12.000	c57bl/6						MUS_MUSCULUS	NextSeq 500 (NextSeq500)	True	381	Tximport	v1.25.8-hotfix				SRA		mouse hippocampus region		Nucleus from Hippocampus brain region A1-P3-CA23_S526_L001_R1		12.0	week
SRR4040541	SRP082327	12.000	c57bl/6						MUS_MUSCULUS	NextSeq 500 (NextSeq500)	True	381	Tximport	v1.25.8-hotfix				SRA		mouse hippocampus region		Nucleus from Hippocampus brain region A1-P3-CA23_S527_L001_R1		12.0	week
SRR4040542	SRP082327	12.000	c57bl/6						MUS_MUSCULUS	NextSeq 500 (NextSeq500)	True	381	Tximport	v1.25.8-hotfix				SRA		mouse hippocampus region		Nucleus from Hippocampus brain region A1-P3-CA23_S528_L001_R1		12.0	week
SRR4040543	SRP082327	12.000	c57bl/6						MUS_MUSCULUS	NextSeq 500 (NextSeq500)	True	381	Tximport	v1.25.8-hotfix				SRA		mouse hippocampus region		Nucleus from Hippocampus brain region A1-P3-CA23_S529_L001_R1		12.0	week
SRR4040544	SRP082327	12.000	c57bl/6						MUS_MUSCULUS	NextSeq 500 (NextSeq500)	True	381	Tximport	v1.25.8-hotfix				SRA		mouse hippocampus region		Nucleus from Hippocampus brain region A1-P3-CA23_S530_L001_R1		12.0	week
SRR4040545	SRP082327	12.000	c57bl/6						MUS_MUSCULUS	NextSeq 500 (NextSeq500)	True	381	Tximport	v1.25.8-hotfix				SRA		mouse hippocampus region		Nucleus from Hippocampus brain region A1-P3-CA23_S531_L001_R1		12.0	week
SRR4040546	SRP082327	12.000	c57bl/6						MUS_MUSCULUS	NextSeq 500 (NextSeq500)	True	381	Tximport	v1.25.8-hotfix				SRA		mouse hippocampus region		Nucleus from Hippocampus brain region A1-P3-CA23_S532_L001_R1		12.0	week
SRR4040547	SRP082327	12.000	c57bl/6						MUS_MUSCULUS	NextSeq 500 (NextSeq500)	True	381	Tximport	v1.25.8-hotfix				SRA		mouse hippocampus region		Nucleus from Hippocampus brain region A1-P3-CA23_S534_L001_R1		12.0	week
SRR4040548	SRP082327	12.000	c57bl/6						MUS_MUSCULUS	NextSeq 500 (NextSeq500)	True	381	Tximport	v1.25.8-hotfix				SRA		mouse hippocampus region		Nucleus from Hippocampus brain region A1-P3-CA23_S535_L001_R1		12.0	week
SRR4040549	SRP082327	12.000	c57bl/6						MUS_MUSCULUS	NextSeq 500 (NextSeq500)	True	381	Tximport	v1.25.8-hotfix				SRA		mouse hippocampus region		Nucleus from Hippocampus brain region A1-P3-CA23_S536_L001_R1		12.0	week
SRR4040550	SRP082327	12.000	c57bl/6						MUS_MUSCULUS	NextSeq 500 (NextSeq500)	True	381	Tximport	v1.25.8-hotfix				SRA		mouse hippocampus region		Nucleus from Hippocampus brain region A1-P3-CA23_S537_L001_R1		12.0	week
SRR4040551	SRP082327	12.000	c57bl/6						MUS_MUSCULUS	NextSeq 500 (NextSeq500)	True	381	Tximport	v1.25.8-hotfix				SRA		mouse hippocampus region		Nucleus from Hippocampus brain region A1-P3-CA23_S539_L001_R1		12.0	week
SRR4040552	SRP082327	12.000	c57bl/6						MUS_MUSCULUS	NextSeq 500 (NextSeq500)	True	381	Tximport	v1.25.8-hotfix				SRA		mouse hippocampus region		Nucleus from Hippocampus brain region A1-P3-CA23_S540_L001_R1		12.0	week
SRR4040553	SRP082327	12.000	c57bl/6						MUS_MUSCULUS	NextSeq 500 (NextSeq500)	True	381	Tximport	v1.25.8-hotfix				SRA		mouse hippocampus region		Nucleus from Hippocampus brain region A1-P3-CA23_S541_L001_R1		12.0	week
SRR4040554	SRP082327	12.000	c57bl/6						MUS_MUSCULUS	NextSeq 500 (NextSeq500)	True	381	Tximport	v1.25.8-hotfix				SRA		mouse hippocampus region		Nucleus from Hippocampus brain region A1-P3-CA23_S542_L001_R1		12.0	week
SRR4040555	SRP082327	12.000	c57bl/6						MUS_MUSCULUS	NextSeq 500 (NextSeq500)	True	381	Tximport	v1.25.8-hotfix				SRA		mouse hippocampus region		Nucleus from Hippocampus brain region A1-P3-CA23_S543_L001_R1		12.0	week
SRR4040556	SRP082327	12.000	c57bl/6						MUS_MUSCULUS	NextSeq 500 (NextSeq500)	True	381	Tximport	v1.25.8-hotfix				SRA		mouse hippocampus region		Nucleus from Hippocampus brain region A1-P3-CA23_S545_L001_R1		12.0	week
SRR4040557	SRP082327	12.000	c57bl/6						MUS_MUSCULUS	NextSeq 500 (NextSeq500)	True	381	Tximport	v1.25.8-hotfix				SRA		mouse hippocampus region		Nucleus from Hippocampus brain region A1-P3-CA23_S547_L001_R1		12.0	week
SRR4040558	SRP082327	12.000	c57bl/6						MUS_MUSCULUS	NextSeq 500 (NextSeq500)	True	381	Tximport	v1.25.8-hotfix				SRA		mouse hippocampus region		Nucleus from Hippocampus brain region A1-P3-CA23_S548_L001_R1		12.0	week
SRR4040559	SRP082327	12.000	c57bl/6						MUS_MUSCULUS	NextSeq 500 (NextSeq500)	True	381	Tximport	v1.25.8-hotfix				SRA		mouse hippocampus region		Nucleus from Hippocampus brain region A1-P3-CA23_S549_L001_R1		12.0	week
SRR4040560	SRP082327	12.000	c57bl/6						MUS_MUSCULUS	NextSeq 500 (NextSeq500)	True	381	Tximport	v1.25.8-hotfix				SRA		mouse hippocampus region		Nucleus from Hippocampus brain region A1-P3-CA23_S550_L001_R1		12.0	week
SRR4040561	SRP082327	12.000	c57bl/6						MUS_MUSCULUS	NextSeq 500 (NextSeq500)	True	381	Tximport	v1.25.8-hotfix				SRA		mouse hippocampus region		Nucleus from Hippocampus brain region A1-P3-CA23_S551_L001_R1		12.0	week
SRR4040562	SRP082327	12.000	c57bl/6						MUS_MUSCULUS	NextSeq 500 (NextSeq500)	True	381	Tximport	v1.25.8-hotfix				SRA		mouse hippocampus region		Nucleus from Hippocampus brain region A1-P3-CA23_S552_L001_R1		12.0	week
SRR4040563	SRP082327	12.000	c57bl/6						MUS_MUSCULUS	NextSeq 500 (NextSeq500)	True	381	Tximport	v1.25.8-hotfix				SRA		mouse hippocampus region		Nucleus from Hippocampus brain region A1-P3-CA23_S553_L001_R1		12.0	week
SRR4040564	SRP082327	12.000	c57bl/6						MUS_MUSCULUS	NextSeq 500 (NextSeq500)	True	381	Tximport	v1.25.8-hotfix				SRA		mouse hippocampus region		Nucleus from Hippocampus brain region A1-P3-CA23_S555_L001_R1		12.0	week
SRR4040565	SRP082327	12.000	c57bl/6						MUS_MUSCULUS	NextSeq 500 (NextSeq500)	True	381	Tximport	v1.25.8-hotfix				SRA		mouse hippocampus region		Nucleus from Hippocampus brain region A1-P3-CA23_S556_L001_R1		12.0	week
SRR4040566	SRP082327	12.000	c57bl/6						MUS_MUSCULUS	NextSeq 500 (NextSeq500)	True	381	Tximport	v1.25.8-hotfix				SRA		mouse hippocampus region		Nucleus from Hippocampus brain region A1-P3-CA23_S557_L001_R1		12.0	week
SRR4040567	SRP082327	12.000	c57bl/6						MUS_MUSCULUS	NextSeq 500 (NextSeq500)	True	381	Tximport	v1.25.8-hotfix				SRA		mouse hippocampus region		Nucleus from Hippocampus brain region A1-P3-CA23_S558_L001_R1		12.0	week
SRR4040568	SRP082327	12.000	c57bl/6						MUS_MUSCULUS	NextSeq 500 (NextSeq500)	True	381	Tximport	v1.25.8-hotfix				SRA		mouse hippocampus region		Nucleus from Hippocampus brain region A1-P3-CA23_S565_L001_R1		12.0	week
SRR4040569	SRP082327	12.000	c57bl/6						MUS_MUSCULUS	NextSeq 500 (NextSeq500)	True	381	Tximport	v1.25.8-hotfix				SRA		mouse hippocampus region		Nucleus from Hippocampus brain region A1-P3-CA23_S567_L001_R1		12.0	week
SRR4040570	SRP082327	12.000	c57bl/6						MUS_MUSCULUS	NextSeq 500 (NextSeq500)	True	381	Tximport	v1.25.8-hotfix				SRA		mouse hippocampus region		Nucleus from Hippocampus brain region A1-P3-CA23_S568_L001_R1		12.0	week
SRR4040571	SRP082327	12.000	c57bl/6						MUS_MUSCULUS	NextSeq 500 (NextSeq500)	True	381	Tximport	v1.25.8-hotfix				SRA		mouse hippocampus region		Nucleus from Hippocampus brain region A1-P3-CA23_S569_L001_R1		12.0	week
SRR4040572	SRP082327	12.000	c57bl/6						MUS_MUSCULUS	NextSeq 500 (NextSeq500)	True	381	Tximport	v1.25.8-hotfix				SRA		mouse hippocampus region		Nucleus from Hippocampus brain region A2-P1-DG_S769_L001_R1		12.0	week
SRR4040573	SRP082327	12.000	c57bl/6						MUS_MUSCULUS	NextSeq 500 (NextSeq500)	True	381	Tximport	v1.25.8-hotfix				SRA		mouse hippocampus region		Nucleus from Hippocampus brain region A2-P1-DG_S772_L001_R1		12.0	week
SRR4040574	SRP082327	12.000	c57bl/6						MUS_MUSCULUS	NextSeq 500 (NextSeq500)	True	381	Tximport	v1.25.8-hotfix				SRA		mouse hippocampus region		Nucleus from Hippocampus brain region A2-P1-DG_S773_L001_R1		12.0	week
SRR4040575	SRP082327	12.000	c57bl/6						MUS_MUSCULUS	NextSeq 500 (NextSeq500)	True	381	Tximport	v1.25.8-hotfix				SRA		mouse hippocampus region		Nucleus from Hippocampus brain region A2-P1-DG_S776_L001_R1		12.0	week
SRR4040576	SRP082327	12.000	c57bl/6						MUS_MUSCULUS	NextSeq 500 (NextSeq500)	True	381	Tximport	v1.25.8-hotfix				SRA		mouse hippocampus region		Nucleus from Hippocampus brain region A2-P1-DG_S777_L001_R1		12.0	week
SRR4040577	SRP082327	12.000	c57bl/6						MUS_MUSCULUS	NextSeq 500 (NextSeq500)	True	381	Tximport	v1.25.8-hotfix				SRA		mouse hippocampus region		Nucleus from Hippocampus brain region A2-P1-DG_S779_L001_R1		12.0	week
SRR4040578	SRP082327	12.000	c57bl/6						MUS_MUSCULUS	NextSeq 500 (NextSeq500)	True	381	Tximport	v1.25.8-hotfix				SRA		mouse hippocampus region		Nucleus from Hippocampus brain region A2-P1-DG_S782_L001_R1		12.0	week
SRR4040579	SRP082327	12.000	c57bl/6						MUS_MUSCULUS	NextSeq 500 (NextSeq500)	True	381	Tximport	v1.25.8-hotfix				SRA		mouse hippocampus region		Nucleus from Hippocampus brain region A2-P1-DG_S783_L001_R1		12.0	week
SRR4040580	SRP082327	12.000	c57bl/6						MUS_MUSCULUS	NextSeq 500 (NextSeq500)	True	381	Tximport	v1.25.8-hotfix				SRA		mouse hippocampus region		Nucleus from Hippocampus brain region A2-P1-DG_S784_L001_R1		12.0	week
SRR4040581	SRP082327	12.000	c57bl/6						MUS_MUSCULUS	NextSeq 500 (NextSeq500)	True	381	Tximport	v1.25.8-hotfix				SRA		mouse hippocampus region		Nucleus from Hippocampus brain region A2-P1-DG_S785_L001_R1		12.0	week
SRR4040582	SRP082327	12.000	c57bl/6						MUS_MUSCULUS	NextSeq 500 (NextSeq500)	True	381	Tximport	v1.25.8-hotfix				SRA		mouse hippocampus region		Nucleus from Hippocampus brain region A2-P1-DG_S786_L001_R1		12.0	week
SRR4040583	SRP082327	12.000	c57bl/6						MUS_MUSCULUS	NextSeq 500 (NextSeq500)	True	381	Tximport	v1.25.8-hotfix				SRA		mouse hippocampus region		Nucleus from Hippocampus brain region A2-P1-DG_S787_L001_R1		12.0	week
SRR4040584	SRP082327	12.000	c57bl/6						MUS_MUSCULUS	NextSeq 500 (NextSeq500)	True	381	Tximport	v1.25.8-hotfix				SRA		mouse hippocampus region		Nucleus from Hippocampus brain region A2-P1-DG_S788_L001_R1		12.0	week
SRR4040585	SRP082327	12.000	c57bl/6						MUS_MUSCULUS	NextSeq 500 (NextSeq500)	True	381	Tximport	v1.25.8-hotfix				SRA		mouse hippocampus region		Nucleus from Hippocampus brain region A2-P1-DG_S789_L001_R1		12.0	week
SRR4040586	SRP082327	12.000	c57bl/6						MUS_MUSCULUS	NextSeq 500 (NextSeq500)	True	381	Tximport	v1.25.8-hotfix				SRA		mouse hippocampus region		Nucleus from Hippocampus brain region A2-P1-DG_S790_L001_R1		12.0	week
SRR4040587	SRP082327	12.000	c57bl/6						MUS_MUSCULUS	NextSeq 500 (NextSeq500)	True	381	Tximport	v1.25.8-hotfix				SRA		mouse hippocampus region		Nucleus from Hippocampus brain region A2-P1-DG_S791_L001_R1		12.0	week
SRR4040588	SRP082327	12.000	c57bl/6						MUS_MUSCULUS	NextSeq 500 (NextSeq500)	True	381	Tximport	v1.25.8-hotfix				SRA		mouse hippocampus region		Nucleus from Hippocampus brain region A2-P1-DG_S792_L001_R1		12.0	week
SRR4040589	SRP082327	12.000	c57bl/6						MUS_MUSCULUS	NextSeq 500 (NextSeq500)	True	381	Tximport	v1.25.8-hotfix				SRA		mouse hippocampus region		Nucleus from Hippocampus brain region A2-P1-DG_S793_L001_R1		12.0	week
SRR4040590	SRP082327	12.000	c57bl/6						MUS_MUSCULUS	NextSeq 500 (NextSeq500)	True	381	Tximport	v1.25.8-hotfix				SRA		mouse hippocampus region		Nucleus from Hippocampus brain region A2-P1-DG_S794_L001_R1		12.0	week
SRR4040591	SRP082327	12.000	c57bl/6						MUS_MUSCULUS	NextSeq 500 (NextSeq500)	True	381	Tximport	v1.25.8-hotfix				SRA		mouse hippocampus region		Nucleus from Hippocampus brain region A2-P1-DG_S795_L001_R1		12.0	week
SRR4040592	SRP082327	12.000	c57bl/6						MUS_MUSCULUS	NextSeq 500 (NextSeq500)	True	381	Tximport	v1.25.8-hotfix				SRA		mouse hippocampus region		Nucleus from Hippocampus brain region A2-P1-DG_S797_L001_R1		12.0	week
SRR4040593	SRP082327	12.000	c57bl/6						MUS_MUSCULUS	NextSeq 500 (NextSeq500)	True	381	Tximport	v1.25.8-hotfix				SRA		mouse hippocampus region		Nucleus from Hippocampus brain region A2-P1-DG_S798_L001_R1		12.0	week
SRR4040594	SRP082327	12.000	c57bl/6						MUS_MUSCULUS	NextSeq 500 (NextSeq500)	True	381	Tximport	v1.25.8-hotfix				SRA		mouse hippocampus region		Nucleus from Hippocampus brain region A2-P1-DG_S799_L001_R1		12.0	week
SRR4040595	SRP082327	12.000	c57bl/6						MUS_MUSCULUS	NextSeq 500 (NextSeq500)	True	381	Tximport	v1.25.8-hotfix				SRA		mouse hippocampus region		Nucleus from Hippocampus brain region A2-P1-DG_S800_L001_R1		12.0	week
SRR4040596	SRP082327	12.000	c57bl/6						MUS_MUSCULUS	NextSeq 500 (NextSeq500)	True	381	Tximport	v1.25.8-hotfix				SRA		mouse hippocampus region		Nucleus from Hippocampus brain region A2-P1-DG_S801_L001_R1		12.0	week
SRR4040597	SRP082327	12.000	c57bl/6						MUS_MUSCULUS	NextSeq 500 (NextSeq500)	True	381	Tximport	v1.25.8-hotfix				SRA		mouse hippocampus region		Nucleus from Hippocampus brain region A2-P1-DG_S803_L001_R1		12.0	week
SRR4040598	SRP082327	12.000	c57bl/6						MUS_MUSCULUS	NextSeq 500 (NextSeq500)	True	381	Tximport	v1.25.8-hotfix				SRA		mouse hippocampus region		Nucleus from Hippocampus brain region A2-P1-DG_S804_L001_R1		12.0	week
SRR4040599	SRP082327	12.000	c57bl/6						MUS_MUSCULUS	NextSeq 500 (NextSeq500)	True	381	Tximport	v1.25.8-hotfix				SRA		mouse hippocampus region		Nucleus from Hippocampus brain region A2-P1-DG_S805_L001_R1		12.0	week
SRR4040600	SRP082327	12.000	c57bl/6						MUS_MUSCULUS	NextSeq 500 (NextSeq500)	True	381	Tximport	v1.25.8-hotfix				SRA		mouse hippocampus region		Nucleus from Hippocampus brain region A2-P1-DG_S817_L001_R1		12.0	week
SRR4040601	SRP082327	12.000	c57bl/6						MUS_MUSCULUS	NextSeq 500 (NextSeq500)	True	381	Tximport	v1.25.8-hotfix				SRA		mouse hippocampus region		Nucleus from Hippocampus brain region A2-P1-DG_S822_L001_R1		12.0	week
SRR4040602	SRP082327	12.000	c57bl/6						MUS_MUSCULUS	NextSeq 500 (NextSeq500)	True	381	Tximport	v1.25.8-hotfix				SRA		mouse hippocampus region		Nucleus from Hippocampus brain region A2-P1-DG_S826_L001_R1		12.0	week
SRR4040603	SRP082327	12.000	c57bl/6						MUS_MUSCULUS	NextSeq 500 (NextSeq500)	True	381	Tximport	v1.25.8-hotfix				SRA		mouse hippocampus region		Nucleus from Hippocampus brain region A2-P1-DG_S827_L001_R1		12.0	week
SRR4040604	SRP082327	12.000	c57bl/6						MUS_MUSCULUS	NextSeq 500 (NextSeq500)	True	381	Tximport	v1.25.8-hotfix				SRA		mouse hippocampus region		Nucleus from Hippocampus brain region A2-P1-DG_S828_L001_R1		12.0	week
SRR4040605	SRP082327	12.000	c57bl/6						MUS_MUSCULUS	NextSeq 500 (NextSeq500)	True	381	Tximport	v1.25.8-hotfix				SRA		mouse hippocampus region		Nucleus from Hippocampus brain region A2-P1-DG_S829_L001_R1		12.0	week
SRR4040606	SRP082327	12.000	c57bl/6						MUS_MUSCULUS	NextSeq 500 (NextSeq500)	True	381	Tximport	v1.25.8-hotfix				SRA		mouse hippocampus region		Nucleus from Hippocampus brain region A2-P1-DG_S830_L001_R1		12.0	week
SRR4040607	SRP082327	12.000	c57bl/6						MUS_MUSCULUS	NextSeq 500 (NextSeq500)	True	381	Tximport	v1.25.8-hotfix				SRA		mouse hippocampus region		Nucleus from Hippocampus brain region A2-P1-DG_S831_L001_R1		12.0	week
SRR4040608	SRP082327	12.000	c57bl/6						MUS_MUSCULUS	NextSeq 500 (NextSeq500)	True	381	Tximport	v1.25.8-hotfix				SRA		mouse hippocampus region		Nucleus from Hippocampus brain region A2-P1-DG_S836_L001_R1		12.0	week
SRR4040609	SRP082327	12.000	c57bl/6						MUS_MUSCULUS	NextSeq 500 (NextSeq500)	True	381	Tximport	v1.25.8-hotfix				SRA		mouse hippocampus region		Nucleus from Hippocampus brain region A2-P1-DG_S838_L001_R1		12.0	week
SRR4040610	SRP082327	12.000	c57bl/6						MUS_MUSCULUS	NextSeq 500 (NextSeq500)	True	381	Tximport	v1.25.8-hotfix				SRA		mouse hippocampus region		Nucleus from Hippocampus brain region A2-P1-DG_S839_L001_R1		12.0	week
SRR4040611	SRP082327	12.000	c57bl/6						MUS_MUSCULUS	NextSeq 500 (NextSeq500)	True	381	Tximport	v1.25.8-hotfix				SRA		mouse hippocampus region		Nucleus from Hippocampus brain region A2-P1-DG_S840_L001_R1		12.0	week
SRR4040612	SRP082327	12.000	c57bl/6						MUS_MUSCULUS	NextSeq 500 (NextSeq500)	True	381	Tximport	v1.25.8-hotfix				SRA		mouse hippocampus region		Nucleus from Hippocampus brain region A3-DG_S865_L001_R1		12.0	week
SRR4040613	SRP082327	12.000	c57bl/6						MUS_MUSCULUS	NextSeq 500 (NextSeq500)	True	381	Tximport	v1.25.8-hotfix				SRA		mouse hippocampus region		Nucleus from Hippocampus brain region A3-DG_S866_L001_R1		12.0	week
SRR4040614	SRP082327	12.000	c57bl/6						MUS_MUSCULUS	NextSeq 500 (NextSeq500)	True	381	Tximport	v1.25.8-hotfix				SRA		mouse hippocampus region		Nucleus from Hippocampus brain region A3-DG_S867_L001_R1		12.0	week
SRR4040615	SRP082327	12.000	c57bl/6						MUS_MUSCULUS	NextSeq 500 (NextSeq500)	True	381	Tximport	v1.25.8-hotfix				SRA		mouse hippocampus region		Nucleus from Hippocampus brain region A3-DG_S868_L001_R1		12.0	week
SRR4040616	SRP082327	12.000	c57bl/6						MUS_MUSCULUS	NextSeq 500 (NextSeq500)	True	381	Tximport	v1.25.8-hotfix				SRA		mouse hippocampus region		Nucleus from Hippocampus brain region A3-DG_S869_L001_R1		12.0	week
SRR4040617	SRP082327	12.000	c57bl/6						MUS_MUSCULUS	NextSeq 500 (NextSeq500)	True	381	Tximport	v1.25.8-hotfix				SRA		mouse hippocampus region		Nucleus from Hippocampus brain region A3-DG_S870_L001_R1		12.0	week
SRR4040618	SRP082327	12.000	c57bl/6						MUS_MUSCULUS	NextSeq 500 (NextSeq500)	True	381	Tximport	v1.25.8-hotfix				SRA		mouse hippocampus region		Nucleus from Hippocampus brain region A3-DG_S871_L001_R1		12.0	week
SRR4040619	SRP082327	12.000	c57bl/6						MUS_MUSCULUS	NextSeq 500 (NextSeq500)	True	381	Tximport	v1.25.8-hotfix				SRA		mouse hippocampus region		Nucleus from Hippocampus brain region A3-DG_S872_L001_R1		12.0	week
SRR4040620	SRP082327	12.000	c57bl/6						MUS_MUSCULUS	NextSeq 500 (NextSeq500)	True	381	Tximport	v1.25.8-hotfix				SRA		mouse hippocampus region		Nucleus from Hippocampus brain region A3-DG_S873_L001_R1		12.0	week
SRR4040621	SRP082327	12.000	c57bl/6						MUS_MUSCULUS	NextSeq 500 (NextSeq500)	True	381	Tximport	v1.25.8-hotfix				SRA		mouse hippocampus region		Nucleus from Hippocampus brain region A3-DG_S874_L001_R1		12.0	week
SRR4040622	SRP082327	12.000	c57bl/6						MUS_MUSCULUS	NextSeq 500 (NextSeq500)	True	381	Tximport	v1.25.8-hotfix				SRA		mouse hippocampus region		Nucleus from Hippocampus brain region A3-DG_S875_L001_R1		12.0	week
SRR4040623	SRP082327	12.000	c57bl/6						MUS_MUSCULUS	NextSeq 500 (NextSeq500)	True	381	Tximport	v1.25.8-hotfix				SRA		mouse hippocampus region		Nucleus from Hippocampus brain region A3-DG_S877_L001_R1		12.0	week
SRR4040624	SRP082327	12.000	c57bl/6						MUS_MUSCULUS	NextSeq 500 (NextSeq500)	True	381	Tximport	v1.25.8-hotfix				SRA		mouse hippocampus region		Nucleus from Hippocampus brain region A3-DG_S878_L001_R1		12.0	week
SRR4040625	SRP082327	12.000	c57bl/6						MUS_MUSCULUS	NextSeq 500 (NextSeq500)	True	381	Tximport	v1.25.8-hotfix				SRA		mouse hippocampus region		Nucleus from Hippocampus brain region A3-DG_S879_L001_R1		12.0	week
SRR4040626	SRP082327	12.000	c57bl/6						MUS_MUSCULUS	NextSeq 500 (NextSeq500)	True	381	Tximport	v1.25.8-hotfix				SRA		mouse hippocampus region		Nucleus from Hippocampus brain region A3-DG_S880_L001_R1		12.0	week
SRR4040627	SRP082327	12.000	c57bl/6						MUS_MUSCULUS	NextSeq 500 (NextSeq500)	True	381	Tximport	v1.25.8-hotfix				SRA		mouse hippocampus region		Nucleus from Hippocampus brain region A3-DG_S881_L001_R1		12.0	week
SRR4040628	SRP082327	12.000	c57bl/6						MUS_MUSCULUS	NextSeq 500 (NextSeq500)	True	381	Tximport	v1.25.8-hotfix				SRA		mouse hippocampus region		Nucleus from Hippocampus brain region A3-DG_S882_L001_R1		12.0	week
SRR4040629	SRP082327	12.000	c57bl/6						MUS_MUSCULUS	NextSeq 500 (NextSeq500)	True	381	Tximport	v1.25.8-hotfix				SRA		mouse hippocampus region		Nucleus from Hippocampus brain region A3-DG_S883_L001_R1		12.0	week
SRR4040630	SRP082327	12.000	c57bl/6						MUS_MUSCULUS	NextSeq 500 (NextSeq500)	True	381	Tximport	v1.25.8-hotfix				SRA		mouse hippocampus region		Nucleus from Hippocampus brain region A3-DG_S884_L001_R1		12.0	week
SRR4040631	SRP082327	12.000	c57bl/6						MUS_MUSCULUS	NextSeq 500 (NextSeq500)	True	381	Tximport	v1.25.8-hotfix				SRA		mouse hippocampus region		Nucleus from Hippocampus brain region A3-DG_S885_L001_R1		12.0	week
SRR4040632	SRP082327	12.000	c57bl/6						MUS_MUSCULUS	NextSeq 500 (NextSeq500)	True	381	Tximport	v1.25.8-hotfix				SRA		mouse hippocampus region		Nucleus from Hippocampus brain region A3-DG_S886_L001_R1		12.0	week
SRR4040633	SRP082327	12.000	c57bl/6						MUS_MUSCULUS	NextSeq 500 (NextSeq500)	True	381	Tximport	v1.25.8-hotfix				SRA		mouse hippocampus region		Nucleus from Hippocampus brain region A3-DG_S887_L001_R1		12.0	week
SRR4040634	SRP082327	12.000	c57bl/6						MUS_MUSCULUS	NextSeq 500 (NextSeq500)	True	381	Tximport	v1.25.8-hotfix				SRA		mouse hippocampus region		Nucleus from Hippocampus brain region A3-DG_S888_L001_R1		12.0	week
SRR4040635	SRP082327	12.000	c57bl/6						MUS_MUSCULUS	NextSeq 500 (NextSeq500)	True	381	Tximport	v1.25.8-hotfix				SRA		mouse hippocampus region		Nucleus from Hippocampus brain region A3-DG_S889_L001_R1		12.0	week
SRR4040636	SRP082327	12.000	c57bl/6						MUS_MUSCULUS	NextSeq 500 (NextSeq500)	True	381	Tximport	v1.25.8-hotfix				SRA		mouse hippocampus region		Nucleus from Hippocampus brain region A3-DG_S890_L001_R1		12.0	week
SRR4040637	SRP082327	12.000	c57bl/6						MUS_MUSCULUS	NextSeq 500 (NextSeq500)	True	381	Tximport	v1.25.8-hotfix				SRA		mouse hippocampus region		Nucleus from Hippocampus brain region A3-DG_S891_L001_R1		12.0	week
SRR4040638	SRP082327	12.000	c57bl/6						MUS_MUSCULUS	NextSeq 500 (NextSeq500)	True	381	Tximport	v1.25.8-hotfix				SRA		mouse hippocampus region		Nucleus from Hippocampus brain region A3-DG_S892_L001_R1		12.0	week
SRR4040639	SRP082327	12.000	c57bl/6						MUS_MUSCULUS	NextSeq 500 (NextSeq500)	True	381	Tximport	v1.25.8-hotfix				SRA		mouse hippocampus region		Nucleus from Hippocampus brain region A3-DG_S893_L001_R1		12.0	week
SRR4040640	SRP082327	12.000	c57bl/6						MUS_MUSCULUS	NextSeq 500 (NextSeq500)	True	381	Tximport	v1.25.8-hotfix				SRA		mouse hippocampus region		Nucleus from Hippocampus brain region A3-DG_S894_L001_R1		12.0	week
SRR4040641	SRP082327	12.000	c57bl/6						MUS_MUSCULUS	NextSeq 500 (NextSeq500)	True	381	Tximport	v1.25.8-hotfix				SRA		mouse hippocampus region		Nucleus from Hippocampus brain region A3-DG_S895_L001_R1		12.0	week
SRR4040642	SRP082327	12.000	c57bl/6						MUS_MUSCULUS	NextSeq 500 (NextSeq500)	True	381	Tximport	v1.25.8-hotfix				SRA		mouse hippocampus region		Nucleus from Hippocampus brain region A3-DG_S897_L001_R1		12.0	week
SRR4040643	SRP082327	12.000	c57bl/6						MUS_MUSCULUS	NextSeq 500 (NextSeq500)	True	381	Tximport	v1.25.8-hotfix				SRA		mouse hippocampus region		Nucleus from Hippocampus brain region A3-DG_S898_L001_R1		12.0	week
SRR4040644	SRP082327	12.000	c57bl/6						MUS_MUSCULUS	NextSeq 500 (NextSeq500)	True	381	Tximport	v1.25.8-hotfix				SRA		mouse hippocampus region		Nucleus from Hippocampus brain region A3-DG_S899_L001_R1		12.0	week
SRR4040645	SRP082327	12.000	c57bl/6						MUS_MUSCULUS	NextSeq 500 (NextSeq500)	True	381	Tximport	v1.25.8-hotfix				SRA		mouse hippocampus region		Nucleus from Hippocampus brain region A3-DG_S900_L001_R1		12.0	week
SRR4040646	SRP082327	12.000	c57bl/6						MUS_MUSCULUS	NextSeq 500 (NextSeq500)	True	381	Tximport	v1.25.8-hotfix				SRA		mouse hippocampus region		Nucleus from Hippocampus brain region A3-DG_S901_L001_R1		12.0	week
SRR4040647	SRP082327	12.000	c57bl/6						MUS_MUSCULUS	NextSeq 500 (NextSeq500)	True	381	Tximport	v1.25.8-hotfix				SRA		mouse hippocampus region		Nucleus from Hippocampus brain region A3-DG_S903_L001_R1		12.0	week
SRR4040648	SRP082327	12.000	c57bl/6						MUS_MUSCULUS	NextSeq 500 (NextSeq500)	True	381	Tximport	v1.25.8-hotfix				SRA		mouse hippocampus region		Nucleus from Hippocampus brain region A3-DG_S904_L001_R1		12.0	week
SRR4040649	SRP082327	12.000	c57bl/6						MUS_MUSCULUS	NextSeq 500 (NextSeq500)	True	381	Tximport	v1.25.8-hotfix				SRA		mouse hippocampus region		Nucleus from Hippocampus brain region A3-DG_S905_L001_R1		12.0	week
SRR4040650	SRP082327	12.000	c57bl/6						MUS_MUSCULUS	NextSeq 500 (NextSeq500)	True	381	Tximport	v1.25.8-hotfix				SRA		mouse hippocampus region		Nucleus from Hippocampus brain region A3-DG_S906_L001_R1		12.0	week
SRR4040651	SRP082327	12.000	c57bl/6						MUS_MUSCULUS	NextSeq 500 (NextSeq500)	True	381	Tximport	v1.25.8-hotfix				SRA		mouse hippocampus region		Nucleus from Hippocampus brain region A3-DG_S908_L001_R1		12.0	week
SRR4040652	SRP082327	12.000	c57bl/6						MUS_MUSCULUS	NextSeq 500 (NextSeq500)	True	381	Tximport	v1.25.8-hotfix				SRA		mouse hippocampus region		Nucleus from Hippocampus brain region A3-DG_S910_L001_R1		12.0	week
SRR4040653	SRP082327	12.000	c57bl/6						MUS_MUSCULUS	NextSeq 500 (NextSeq500)	True	381	Tximport	v1.25.8-hotfix				SRA		mouse hippocampus region		Nucleus from Hippocampus brain region A3-DG_S911_L001_R1		12.0	week
SRR4040654	SRP082327	12.000	c57bl/6						MUS_MUSCULUS	NextSeq 500 (NextSeq500)	True	381	Tximport	v1.25.8-hotfix				SRA		mouse hippocampus region		Nucleus from Hippocampus brain region A3-DG_S913_L001_R1		12.0	week
SRR4040655	SRP082327	12.000	c57bl/6						MUS_MUSCULUS	NextSeq 500 (NextSeq500)	True	381	Tximport	v1.25.8-hotfix				SRA		mouse hippocampus region		Nucleus from Hippocampus brain region A3-DG_S914_L001_R1		12.0	week
SRR4040656	SRP082327	12.000	c57bl/6						MUS_MUSCULUS	NextSeq 500 (NextSeq500)	True	381	Tximport	v1.25.8-hotfix				SRA		mouse hippocampus region		Nucleus from Hippocampus brain region A3-DG_S916_L001_R1		12.0	week
SRR4040657	SRP082327	12.000	c57bl/6						MUS_MUSCULUS	NextSeq 500 (NextSeq500)	True	381	Tximport	v1.25.8-hotfix				SRA		mouse hippocampus region		Nucleus from Hippocampus brain region A3-DG_S917_L001_R1		12.0	week
SRR4040658	SRP082327	12.000	c57bl/6						MUS_MUSCULUS	NextSeq 500 (NextSeq500)	True	381	Tximport	v1.25.8-hotfix				SRA		mouse hippocampus region		Nucleus from Hippocampus brain region A3-DG_S918_L001_R1		12.0	week
SRR4040659	SRP082327	12.000	c57bl/6						MUS_MUSCULUS	NextSeq 500 (NextSeq500)	True	381	Tximport	v1.25.8-hotfix				SRA		mouse hippocampus region		Nucleus from Hippocampus brain region A3-DG_S919_L001_R1		12.0	week
SRR4040660	SRP082327	12.000	c57bl/6						MUS_MUSCULUS	NextSeq 500 (NextSeq500)	True	381	Tximport	v1.25.8-hotfix				SRA		mouse hippocampus region		Nucleus from Hippocampus brain region A3-DG_S920_L001_R1		12.0	week
SRR4040661	SRP082327	12.000	c57bl/6						MUS_MUSCULUS	NextSeq 500 (NextSeq500)	True	381	Tximport	v1.25.8-hotfix				SRA		mouse hippocampus region		Nucleus from Hippocampus brain region A3-DG_S921_L001_R1		12.0	week
SRR4040662	SRP082327	12.000	c57bl/6						MUS_MUSCULUS	NextSeq 500 (NextSeq500)	True	381	Tximport	v1.25.8-hotfix				SRA		mouse hippocampus region		Nucleus from Hippocampus brain region A3-DG_S922_L001_R1		12.0	week
SRR4040663	SRP082327	12.000	c57bl/6						MUS_MUSCULUS	NextSeq 500 (NextSeq500)	True	381	Tximport	v1.25.8-hotfix				SRA		mouse hippocampus region		Nucleus from Hippocampus brain region A3-DG_S923_L001_R1		12.0	week
SRR4040664	SRP082327	12.000	c57bl/6						MUS_MUSCULUS	NextSeq 500 (NextSeq500)	True	381	Tximport	v1.25.8-hotfix				SRA		mouse hippocampus region		Nucleus from Hippocampus brain region A3-DG_S924_L001_R1		12.0	week
SRR4040665	SRP082327	12.000	c57bl/6						MUS_MUSCULUS	NextSeq 500 (NextSeq500)	True	381	Tximport	v1.25.8-hotfix				SRA		mouse hippocampus region		Nucleus from Hippocampus brain region A3-DG_S925_L001_R1		12.0	week
SRR4040666	SRP082327	12.000	c57bl/6						MUS_MUSCULUS	NextSeq 500 (NextSeq500)	True	381	Tximport	v1.25.8-hotfix				SRA		mouse hippocampus region		Nucleus from Hippocampus brain region A3-DG_S927_L001_R1		12.0	week
SRR4040667	SRP082327	12.000	c57bl/6						MUS_MUSCULUS	NextSeq 500 (NextSeq500)	True	381	Tximport	v1.25.8-hotfix				SRA		mouse hippocampus region		Nucleus from Hippocampus brain region A3-DG_S928_L001_R1		12.0	week
SRR4040668	SRP082327	12.000	c57bl/6						MUS_MUSCULUS	NextSeq 500 (NextSeq500)	True	381	Tximport	v1.25.8-hotfix				SRA		mouse hippocampus region		Nucleus from Hippocampus brain region A3-DG_S929_L001_R1		12.0	week
SRR4040669	SRP082327	12.000	c57bl/6						MUS_MUSCULUS	NextSeq 500 (NextSeq500)	True	381	Tximport	v1.25.8-hotfix				SRA		mouse hippocampus region		Nucleus from Hippocampus brain region A3-DG_S930_L001_R1		12.0	week
SRR4040670	SRP082327	12.000	c57bl/6						MUS_MUSCULUS	NextSeq 500 (NextSeq500)	True	381	Tximport	v1.25.8-hotfix				SRA		mouse hippocampus region		Nucleus from Hippocampus brain region A3-DG_S931_L001_R1		12.0	week
SRR4040671	SRP082327	12.000	c57bl/6						MUS_MUSCULUS	NextSeq 500 (NextSeq500)	True	381	Tximport	v1.25.8-hotfix				SRA		mouse hippocampus region		Nucleus from Hippocampus brain region A3-DG_S932_L001_R1		12.0	week
SRR4040672	SRP082327	12.000	c57bl/6						MUS_MUSCULUS	NextSeq 500 (NextSeq500)	True	381	Tximport	v1.25.8-hotfix				SRA		mouse hippocampus region		Nucleus from Hippocampus brain region A3-DG_S933_L001_R1		12.0	week
SRR4040673	SRP082327	12.000	c57bl/6						MUS_MUSCULUS	NextSeq 500 (NextSeq500)	True	381	Tximport	v1.25.8-hotfix				SRA		mouse hippocampus region		Nucleus from Hippocampus brain region A3-DG_S934_L001_R1		12.0	week
SRR4040674	SRP082327	12.000	c57bl/6						MUS_MUSCULUS	NextSeq 500 (NextSeq500)	True	381	Tximport	v1.25.8-hotfix				SRA		mouse hippocampus region		Nucleus from Hippocampus brain region A3-DG_S935_L001_R1		12.0	week
SRR4040675	SRP082327	12.000	c57bl/6						MUS_MUSCULUS	NextSeq 500 (NextSeq500)	True	381	Tximport	v1.25.8-hotfix				SRA		mouse hippocampus region		Nucleus from Hippocampus brain region A3-DG_S936_L001_R1		12.0	week
SRR4040676	SRP082327	12.000	c57bl/6						MUS_MUSCULUS	NextSeq 500 (NextSeq500)	True	381	Tximport	v1.25.8-hotfix				SRA		mouse hippocampus region		Nucleus from Hippocampus brain region A3-DG_S937_L001_R1		12.0	week
SRR4040677	SRP082327	12.000	c57bl/6						MUS_MUSCULUS	NextSeq 500 (NextSeq500)	True	381	Tximport	v1.25.8-hotfix				SRA		mouse hippocampus region		Nucleus from Hippocampus brain region A3-DG_S938_L001_R1		12.0	week
SRR4040678	SRP082327	12.000	c57bl/6						MUS_MUSCULUS	NextSeq 500 (NextSeq500)	True	381	Tximport	v1.25.8-hotfix				SRA		mouse hippocampus region		Nucleus from Hippocampus brain region A3-DG_S940_L001_R1		12.0	week
SRR4040679	SRP082327	12.000	c57bl/6						MUS_MUSCULUS	NextSeq 500 (NextSeq500)	True	381	Tximport	v1.25.8-hotfix				SRA		mouse hippocampus region		Nucleus from Hippocampus brain region A3-DG_S941_L001_R1		12.0	week
SRR4040680	SRP082327	12.000	c57bl/6						MUS_MUSCULUS	NextSeq 500 (NextSeq500)	True	381	Tximport	v1.25.8-hotfix				SRA		mouse hippocampus region		Nucleus from Hippocampus brain region A3-DG_S942_L001_R1		12.0	week
SRR4040681	SRP082327	12.000	c57bl/6						MUS_MUSCULUS	NextSeq 500 (NextSeq500)	True	381	Tximport	v1.25.8-hotfix				SRA		mouse hippocampus region		Nucleus from Hippocampus brain region A3-DG_S943_L001_R1		12.0	week
SRR4040682	SRP082327	12.000	c57bl/6						MUS_MUSCULUS	NextSeq 500 (NextSeq500)	True	381	Tximport	v1.25.8-hotfix				SRA		mouse hippocampus region		Nucleus from Hippocampus brain region A3-DG_S944_L001_R1		12.0	week
SRR4040683	SRP082327	12.000	c57bl/6						MUS_MUSCULUS	NextSeq 500 (NextSeq500)	True	381	Tximport	v1.25.8-hotfix				SRA		mouse hippocampus region		Nucleus from Hippocampus brain region A3-DG_S945_L001_R1		12.0	week
SRR4040684	SRP082327	12.000	c57bl/6						MUS_MUSCULUS	NextSeq 500 (NextSeq500)	True	381	Tximport	v1.25.8-hotfix				SRA		mouse hippocampus region		Nucleus from Hippocampus brain region A3-P1-CA23_S637_L001_R1		12.0	week
SRR4040685	SRP082327	12.000	c57bl/6						MUS_MUSCULUS	NextSeq 500 (NextSeq500)	True	381	Tximport	v1.25.8-hotfix				SRA		mouse hippocampus region		Nucleus from Hippocampus brain region A3-P1-CA23_S638_L001_R1		12.0	week
SRR4040686	SRP082327	12.000	c57bl/6						MUS_MUSCULUS	NextSeq 500 (NextSeq500)	True	381	Tximport	v1.25.8-hotfix				SRA		mouse hippocampus region		Nucleus from Hippocampus brain region A3-P1-CA23_S639_L001_R1		12.0	week
SRR4040687	SRP082327	12.000	c57bl/6						MUS_MUSCULUS	NextSeq 500 (NextSeq500)	True	381	Tximport	v1.25.8-hotfix				SRA		mouse hippocampus region		Nucleus from Hippocampus brain region A3-P1-CA23_S640_L001_R1		12.0	week
SRR4040688	SRP082327	12.000	c57bl/6						MUS_MUSCULUS	NextSeq 500 (NextSeq500)	True	381	Tximport	v1.25.8-hotfix				SRA		mouse hippocampus region		Nucleus from Hippocampus brain region A3-P1-CA23_S643_L001_R1		12.0	week
SRR4040689	SRP082327	12.000	c57bl/6						MUS_MUSCULUS	NextSeq 500 (NextSeq500)	True	381	Tximport	v1.25.8-hotfix				SRA		mouse hippocampus region		Nucleus from Hippocampus brain region A3-P1-CA23_S644_L001_R1		12.0	week
SRR4040690	SRP082327	12.000	c57bl/6						MUS_MUSCULUS	NextSeq 500 (NextSeq500)	True	381	Tximport	v1.25.8-hotfix				SRA		mouse hippocampus region		Nucleus from Hippocampus brain region A3-P1-CA23_S645_L001_R1		12.0	week
SRR4040691	SRP082327	12.000	c57bl/6						MUS_MUSCULUS	NextSeq 500 (NextSeq500)	True	381	Tximport	v1.25.8-hotfix				SRA		mouse hippocampus region		Nucleus from Hippocampus brain region A3-P1-CA23_S646_L001_R1		12.0	week
SRR4040692	SRP082327	12.000	c57bl/6						MUS_MUSCULUS	NextSeq 500 (NextSeq500)	True	381	Tximport	v1.25.8-hotfix				SRA		mouse hippocampus region		Nucleus from Hippocampus brain region A3-P1-CA23_S647_L001_R1		12.0	week
SRR4040693	SRP082327	12.000	c57bl/6						MUS_MUSCULUS	NextSeq 500 (NextSeq500)	True	381	Tximport	v1.25.8-hotfix				SRA		mouse hippocampus region		Nucleus from Hippocampus brain region A3-P1-CA23_S648_L001_R1		12.0	week
SRR4040694	SRP082327	12.000	c57bl/6						MUS_MUSCULUS	NextSeq 500 (NextSeq500)	True	381	Tximport	v1.25.8-hotfix				SRA		mouse hippocampus region		Nucleus from Hippocampus brain region A3-P1-CA23_S649_L001_R1		12.0	week
SRR4040695	SRP082327	12.000	c57bl/6						MUS_MUSCULUS	NextSeq 500 (NextSeq500)	True	381	Tximport	v1.25.8-hotfix				SRA		mouse hippocampus region		Nucleus from Hippocampus brain region A3-P1-CA23_S650_L001_R1		12.0	week
SRR4040696	SRP082327	12.000	c57bl/6						MUS_MUSCULUS	NextSeq 500 (NextSeq500)	True	381	Tximport	v1.25.8-hotfix				SRA		mouse hippocampus region		Nucleus from Hippocampus brain region A3-P1-CA23_S651_L001_R1		12.0	week
SRR4040697	SRP082327	12.000	c57bl/6						MUS_MUSCULUS	NextSeq 500 (NextSeq500)	True	381	Tximport	v1.25.8-hotfix				SRA		mouse hippocampus region		Nucleus from Hippocampus brain region A3-P1-CA23_S653_L001_R1		12.0	week
SRR4040698	SRP082327	12.000	c57bl/6						MUS_MUSCULUS	NextSeq 500 (NextSeq500)	True	381	Tximport	v1.25.8-hotfix				SRA		mouse hippocampus region		Nucleus from Hippocampus brain region A3-P1-CA23_S654_L001_R1		12.0	week
SRR4040699	SRP082327	12.000	c57bl/6						MUS_MUSCULUS	NextSeq 500 (NextSeq500)	True	381	Tximport	v1.25.8-hotfix				SRA		mouse hippocampus region		Nucleus from Hippocampus brain region A3-P1-CA23_S655_L001_R1		12.0	week
SRR4040700	SRP082327	12.000	c57bl/6						MUS_MUSCULUS	NextSeq 500 (NextSeq500)	True	381	Tximport	v1.25.8-hotfix				SRA		mouse hippocampus region		Nucleus from Hippocampus brain region A3-P1-CA23_S657_L001_R1		12.0	week
SRR4040701	SRP082327	12.000	c57bl/6						MUS_MUSCULUS	NextSeq 500 (NextSeq500)	True	381	Tximport	v1.25.8-hotfix				SRA		mouse hippocampus region		Nucleus from Hippocampus brain region A3-P1-CA23_S658_L001_R1		12.0	week
SRR4040702	SRP082327	12.000	c57bl/6						MUS_MUSCULUS	NextSeq 500 (NextSeq500)	True	381	Tximport	v1.25.8-hotfix				SRA		mouse hippocampus region		Nucleus from Hippocampus brain region A3-P1-CA23_S659_L001_R1		12.0	week
SRR4040703	SRP082327	12.000	c57bl/6						MUS_MUSCULUS	NextSeq 500 (NextSeq500)	True	381	Tximport	v1.25.8-hotfix				SRA		mouse hippocampus region		Nucleus from Hippocampus brain region A3-P1-CA23_S660_L001_R1		12.0	week
SRR4040704	SRP082327	12.000	c57bl/6						MUS_MUSCULUS	NextSeq 500 (NextSeq500)	True	381	Tximport	v1.25.8-hotfix				SRA		mouse hippocampus region		Nucleus from Hippocampus brain region A3-P1-CA23_S661_L001_R1		12.0	week
SRR4040705	SRP082327	12.000	c57bl/6						MUS_MUSCULUS	NextSeq 500 (NextSeq500)	True	381	Tximport	v1.25.8-hotfix				SRA		mouse hippocampus region		Nucleus from Hippocampus brain region A3-P1-CA23_S663_L001_R1		12.0	week
SRR4040706	SRP082327	12.000	c57bl/6						MUS_MUSCULUS	NextSeq 500 (NextSeq500)	True	381	Tximport	v1.25.8-hotfix				SRA		mouse hippocampus region		Nucleus from Hippocampus brain region A3-P1-CA23_S664_L001_R1		12.0	week
SRR4040707	SRP082327	12.000	c57bl/6						MUS_MUSCULUS	NextSeq 500 (NextSeq500)	True	381	Tximport	v1.25.8-hotfix				SRA		mouse hippocampus region		Nucleus from Hippocampus brain region A3-P1-CA23_S665_L001_R1		12.0	week
SRR4040708	SRP082327	12.000	c57bl/6						MUS_MUSCULUS	NextSeq 500 (NextSeq500)	True	381	Tximport	v1.25.8-hotfix				SRA		mouse hippocampus region		Nucleus from Hippocampus brain region A3-P1-CA23_S666_L001_R1		12.0	week
SRR4040709	SRP082327	12.000	c57bl/6						MUS_MUSCULUS	NextSeq 500 (NextSeq500)	True	381	Tximport	v1.25.8-hotfix				SRA		mouse hippocampus region		Nucleus from Hippocampus brain region A3-P1-CA23_S667_L001_R1		12.0	week
SRR4040710	SRP082327	12.000	c57bl/6						MUS_MUSCULUS	NextSeq 500 (NextSeq500)	True	381	Tximport	v1.25.8-hotfix				SRA		mouse hippocampus region		Nucleus from Hippocampus brain region A3-P1-CA23_S668_L001_R1		12.0	week
SRR4040711	SRP082327	12.000	c57bl/6						MUS_MUSCULUS	NextSeq 500 (NextSeq500)	True	381	Tximport	v1.25.8-hotfix				SRA		mouse hippocampus region		Nucleus from Hippocampus brain region A3-P1-CA23_S669_L001_R1		12.0	week
SRR4040712	SRP082327	12.000	c57bl/6						MUS_MUSCULUS	NextSeq 500 (NextSeq500)	True	381	Tximport	v1.25.8-hotfix				SRA		mouse hippocampus region		Nucleus from Hippocampus brain region A3-P1-CA23_S670_L001_R1		12.0	week
SRR4040713	SRP082327	12.000	c57bl/6						MUS_MUSCULUS	NextSeq 500 (NextSeq500)	True	381	Tximport	v1.25.8-hotfix				SRA		mouse hippocampus region		Nucleus from Hippocampus brain region A3-P1-CA23_S671_L001_R1		12.0	week
SRR4040714	SRP082327	12.000	c57bl/6						MUS_MUSCULUS	NextSeq 500 (NextSeq500)	True	381	Tximport	v1.25.8-hotfix				SRA		mouse hippocampus region		Nucleus from Hippocampus brain region A3-P1-CA23_S672_L001_R1		12.0	week
SRR4040715	SRP082327	12.000	c57bl/6						MUS_MUSCULUS	NextSeq 500 (NextSeq500)	True	381	Tximport	v1.25.8-hotfix				SRA		mouse hippocampus region		Nucleus from Hippocampus brain region A3-P1-CA23_S733_L001_R1		12.0	week
SRR4040716	SRP082327	12.000	c57bl/6						MUS_MUSCULUS	NextSeq 500 (NextSeq500)	True	381	Tximport	v1.25.8-hotfix				SRA		mouse hippocampus region		Nucleus from Hippocampus brain region A3-P1-CA23_S734_L001_R1		12.0	week
SRR4040717	SRP082327	12.000	c57bl/6						MUS_MUSCULUS	NextSeq 500 (NextSeq500)	True	381	Tximport	v1.25.8-hotfix				SRA		mouse hippocampus region		Nucleus from Hippocampus brain region A3-P1-CA23_S735_L001_R1		12.0	week
SRR4040718	SRP082327	12.000	c57bl/6						MUS_MUSCULUS	NextSeq 500 (NextSeq500)	True	381	Tximport	v1.25.8-hotfix				SRA		mouse hippocampus region		Nucleus from Hippocampus brain region A3-P1-CA23_S737_L001_R1		12.0	week
SRR4040719	SRP082327	12.000	c57bl/6						MUS_MUSCULUS	NextSeq 500 (NextSeq500)	True	381	Tximport	v1.25.8-hotfix				SRA		mouse hippocampus region		Nucleus from Hippocampus brain region A3-P1-CA23_S739_L001_R1		12.0	week
SRR4040720	SRP082327	12.000	c57bl/6						MUS_MUSCULUS	NextSeq 500 (NextSeq500)	True	381	Tximport	v1.25.8-hotfix				SRA		mouse hippocampus region		Nucleus from Hippocampus brain region A3-P1-CA23_S743_L001_R1		12.0	week
SRR4040721	SRP082327	12.000	c57bl/6						MUS_MUSCULUS	NextSeq 500 (NextSeq500)	True	381	Tximport	v1.25.8-hotfix				SRA		mouse hippocampus region		Nucleus from Hippocampus brain region A3-P1-CA23_S745_L001_R1		12.0	week
SRR4040722	SRP082327	12.000	c57bl/6						MUS_MUSCULUS	NextSeq 500 (NextSeq500)	True	381	Tximport	v1.25.8-hotfix				SRA		mouse hippocampus region		Nucleus from Hippocampus brain region A3-P1-CA23_S746_L001_R1		12.0	week
SRR4040723	SRP082327	12.000	c57bl/6						MUS_MUSCULUS	NextSeq 500 (NextSeq500)	True	381	Tximport	v1.25.8-hotfix				SRA		mouse hippocampus region		Nucleus from Hippocampus brain region A3-P1-CA23_S747_L001_R1		12.0	week
SRR4040724	SRP082327	12.000	c57bl/6						MUS_MUSCULUS	NextSeq 500 (NextSeq500)	True	381	Tximport	v1.25.8-hotfix				SRA		mouse hippocampus region		Nucleus from Hippocampus brain region A3-P1-CA23_S748_L001_R1		12.0	week
SRR4040725	SRP082327	12.000	c57bl/6						MUS_MUSCULUS	NextSeq 500 (NextSeq500)	True	381	Tximport	v1.25.8-hotfix				SRA		mouse hippocampus region		Nucleus from Hippocampus brain region A3-P1-CA23_S749_L001_R1		12.0	week
SRR4040726	SRP082327	12.000	c57bl/6						MUS_MUSCULUS	NextSeq 500 (NextSeq500)	True	381	Tximport	v1.25.8-hotfix				SRA		mouse hippocampus region		Nucleus from Hippocampus brain region A3-P1-CA23_S750_L001_R1		12.0	week
SRR4040727	SRP082327	12.000	c57bl/6						MUS_MUSCULUS	NextSeq 500 (NextSeq500)	True	381	Tximport	v1.25.8-hotfix				SRA		mouse hippocampus region		Nucleus from Hippocampus brain region A3-P1-CA23_S751_L001_R1		12.0	week
SRR4040728	SRP082327	12.000	c57bl/6						MUS_MUSCULUS	NextSeq 500 (NextSeq500)	True	381	Tximport	v1.25.8-hotfix				SRA		mouse hippocampus region		Nucleus from Hippocampus brain region A3-P1-CA23_S752_L001_R1		12.0	week
SRR4040729	SRP082327	12.000	c57bl/6						MUS_MUSCULUS	NextSeq 500 (NextSeq500)	True	381	Tximport	v1.25.8-hotfix				SRA		mouse hippocampus region		Nucleus from Hippocampus brain region A3-P1-CA23_S753_L001_R1		12.0	week
SRR4040730	SRP082327	12.000	c57bl/6						MUS_MUSCULUS	NextSeq 500 (NextSeq500)	True	381	Tximport	v1.25.8-hotfix				SRA		mouse hippocampus region		Nucleus from Hippocampus brain region A3-P1-CA23_S754_L001_R1		12.0	week
SRR4040731	SRP082327	12.000	c57bl/6						MUS_MUSCULUS	NextSeq 500 (NextSeq500)	True	381	Tximport	v1.25.8-hotfix				SRA		mouse hippocampus region		Nucleus from Hippocampus brain region A3-P1-CA23_S755_L001_R1		12.0	week
SRR4040732	SRP082327	12.000	c57bl/6						MUS_MUSCULUS	NextSeq 500 (NextSeq500)	True	381	Tximport	v1.25.8-hotfix				SRA		mouse hippocampus region		Nucleus from Hippocampus brain region A3-P1-CA23_S756_L001_R1		12.0	week
SRR4040733	SRP082327	12.000	c57bl/6						MUS_MUSCULUS	NextSeq 500 (NextSeq500)	True	381	Tximport	v1.25.8-hotfix				SRA		mouse hippocampus region		Nucleus from Hippocampus brain region A3-P1-CA23_S757_L001_R1		12.0	week
SRR4040734	SRP082327	12.000	c57bl/6						MUS_MUSCULUS	NextSeq 500 (NextSeq500)	True	381	Tximport	v1.25.8-hotfix				SRA		mouse hippocampus region		Nucleus from Hippocampus brain region A3-P1-CA23_S758_L001_R1		12.0	week
SRR4040735	SRP082327	12.000	c57bl/6						MUS_MUSCULUS	NextSeq 500 (NextSeq500)	True	381	Tximport	v1.25.8-hotfix				SRA		mouse hippocampus region		Nucleus from Hippocampus brain region A3-P1-CA23_S759_L001_R1		12.0	week
SRR4040736	SRP082327	12.000	c57bl/6						MUS_MUSCULUS	NextSeq 500 (NextSeq500)	True	381	Tximport	v1.25.8-hotfix				SRA		mouse hippocampus region		Nucleus from Hippocampus brain region A3-P1-CA23_S760_L001_R1		12.0	week
SRR4040737	SRP082327	12.000	c57bl/6						MUS_MUSCULUS	NextSeq 500 (NextSeq500)	True	381	Tximport	v1.25.8-hotfix				SRA		mouse hippocampus region		Nucleus from Hippocampus brain region A3-P1-CA23_S761_L001_R1		12.0	week
SRR4040738	SRP082327	12.000	c57bl/6						MUS_MUSCULUS	NextSeq 500 (NextSeq500)	True	381	Tximport	v1.25.8-hotfix				SRA		mouse hippocampus region		Nucleus from Hippocampus brain region A3-P1-CA23_S762_L001_R1		12.0	week
SRR4040739	SRP082327	12.000	c57bl/6						MUS_MUSCULUS	NextSeq 500 (NextSeq500)	True	381	Tximport	v1.25.8-hotfix				SRA		mouse hippocampus region		Nucleus from Hippocampus brain region A3-P1-CA23_S763_L001_R1		12.0	week
SRR4040740	SRP082327	12.000	c57bl/6						MUS_MUSCULUS	NextSeq 500 (NextSeq500)	True	381	Tximport	v1.25.8-hotfix				SRA		mouse hippocampus region		Nucleus from Hippocampus brain region A3-P1-CA23_S764_L001_R1		12.0	week
SRR4040741	SRP082327	12.000	c57bl/6						MUS_MUSCULUS	NextSeq 500 (NextSeq500)	True	381	Tximport	v1.25.8-hotfix				SRA		mouse hippocampus region		Nucleus from Hippocampus brain region A3-P1-CA23_S766_L001_R1		12.0	week
SRR4040742	SRP082327	12.000	c57bl/6						MUS_MUSCULUS	NextSeq 500 (NextSeq500)	True	381	Tximport	v1.25.8-hotfix				SRA		mouse hippocampus region		Nucleus from Hippocampus brain region A3-P1-CA23_S767_L001_R1		12.0	week
SRR4040743	SRP082327	12.000	c57bl/6						MUS_MUSCULUS	NextSeq 500 (NextSeq500)	True	381	Tximport	v1.25.8-hotfix				SRA		mouse hippocampus region		Nucleus from Hippocampus brain region A3-P1-CA23_S850_L001_R1		12.0	week
SRR4040744	SRP082327	12.000	c57bl/6						MUS_MUSCULUS	NextSeq 500 (NextSeq500)	True	381	Tximport	v1.25.8-hotfix				SRA		mouse hippocampus region		Nucleus from Hippocampus brain region A3-P1-CA23_S851_L001_R1		12.0	week
SRR4040745	SRP082327	12.000	c57bl/6						MUS_MUSCULUS	NextSeq 500 (NextSeq500)	True	381	Tximport	v1.25.8-hotfix				SRA		mouse hippocampus region		Nucleus from Hippocampus brain region A3-P2-CA1_S673_L001_R1		12.0	week
SRR4040746	SRP082327	12.000	c57bl/6						MUS_MUSCULUS	NextSeq 500 (NextSeq500)	True	381	Tximport	v1.25.8-hotfix				SRA		mouse hippocampus region		Nucleus from Hippocampus brain region A3-P2-CA1_S674_L001_R1		12.0	week
SRR4040747	SRP082327	12.000	c57bl/6						MUS_MUSCULUS	NextSeq 500 (NextSeq500)	True	381	Tximport	v1.25.8-hotfix				SRA		mouse hippocampus region		Nucleus from Hippocampus brain region A3-P2-CA1_S675_L001_R1		12.0	week
SRR4040748	SRP082327	12.000	c57bl/6						MUS_MUSCULUS	NextSeq 500 (NextSeq500)	True	381	Tximport	v1.25.8-hotfix				SRA		mouse hippocampus region		Nucleus from Hippocampus brain region A3-P2-CA1_S676_L001_R1		12.0	week
SRR4040749	SRP082327	12.000	c57bl/6						MUS_MUSCULUS	NextSeq 500 (NextSeq500)	True	381	Tximport	v1.25.8-hotfix				SRA		mouse hippocampus region		Nucleus from Hippocampus brain region A3-P2-CA1_S677_L001_R1		12.0	week
SRR4040750	SRP082327	12.000	c57bl/6						MUS_MUSCULUS	NextSeq 500 (NextSeq500)	True	381	Tximport	v1.25.8-hotfix				SRA		mouse hippocampus region		Nucleus from Hippocampus brain region A3-P2-CA1_S678_L001_R1		12.0	week
SRR4040751	SRP082327	12.000	c57bl/6						MUS_MUSCULUS	NextSeq 500 (NextSeq500)	True	381	Tximport	v1.25.8-hotfix				SRA		mouse hippocampus region		Nucleus from Hippocampus brain region A3-P2-CA1_S680_L001_R1		12.0	week
SRR4040752	SRP082327	12.000	c57bl/6						MUS_MUSCULUS	NextSeq 500 (NextSeq500)	True	381	Tximport	v1.25.8-hotfix				SRA		mouse hippocampus region		Nucleus from Hippocampus brain region A3-P2-CA1_S681_L001_R1		12.0	week
SRR4040753	SRP082327	12.000	c57bl/6						MUS_MUSCULUS	NextSeq 500 (NextSeq500)	True	381	Tximport	v1.25.8-hotfix				SRA		mouse hippocampus region		Nucleus from Hippocampus brain region A3-P2-CA1_S682_L001_R1		12.0	week
SRR4040754	SRP082327	12.000	c57bl/6						MUS_MUSCULUS	NextSeq 500 (NextSeq500)	True	381	Tximport	v1.25.8-hotfix				SRA		mouse hippocampus region		Nucleus from Hippocampus brain region A3-P2-CA1_S683_L001_R1		12.0	week
SRR4040755	SRP082327	12.000	c57bl/6						MUS_MUSCULUS	NextSeq 500 (NextSeq500)	True	381	Tximport	v1.25.8-hotfix				SRA		mouse hippocampus region		Nucleus from Hippocampus brain region A3-P2-CA1_S684_L001_R1		12.0	week
SRR4040756	SRP082327	12.000	c57bl/6						MUS_MUSCULUS	NextSeq 500 (NextSeq500)	True	381	Tximport	v1.25.8-hotfix				SRA		mouse hippocampus region		Nucleus from Hippocampus brain region A3-P2-CA1_S685_L001_R1		12.0	week
SRR4040757	SRP082327	12.000	c57bl/6						MUS_MUSCULUS	NextSeq 500 (NextSeq500)	True	381	Tximport	v1.25.8-hotfix				SRA		mouse hippocampus region		Nucleus from Hippocampus brain region A3-P2-CA1_S686_L001_R1		12.0	week
SRR4040758	SRP082327	12.000	c57bl/6						MUS_MUSCULUS	NextSeq 500 (NextSeq500)	True	381	Tximport	v1.25.8-hotfix				SRA		mouse hippocampus region		Nucleus from Hippocampus brain region A3-P2-CA1_S687_L001_R1		12.0	week
SRR4040759	SRP082327	12.000	c57bl/6						MUS_MUSCULUS	NextSeq 500 (NextSeq500)	True	381	Tximport	v1.25.8-hotfix				SRA		mouse hippocampus region		Nucleus from Hippocampus brain region A3-P2-CA1_S688_L001_R1		12.0	week
SRR4040760	SRP082327	12.000	c57bl/6						MUS_MUSCULUS	NextSeq 500 (NextSeq500)	True	381	Tximport	v1.25.8-hotfix				SRA		mouse hippocampus region		Nucleus from Hippocampus brain region A3-P2-CA1_S689_L001_R1		12.0	week
SRR4040761	SRP082327	12.000	c57bl/6						MUS_MUSCULUS	NextSeq 500 (NextSeq500)	True	381	Tximport	v1.25.8-hotfix				SRA		mouse hippocampus region		Nucleus from Hippocampus brain region A3-P2-CA1_S691_L001_R1		12.0	week
SRR4040762	SRP082327	12.000	c57bl/6						MUS_MUSCULUS	NextSeq 500 (NextSeq500)	True	381	Tximport	v1.25.8-hotfix				SRA		mouse hippocampus region		Nucleus from Hippocampus brain region A3-P2-CA1_S692_L001_R1		12.0	week
SRR4040763	SRP082327	12.000	c57bl/6						MUS_MUSCULUS	NextSeq 500 (NextSeq500)	True	381	Tximport	v1.25.8-hotfix				SRA		mouse hippocampus region		Nucleus from Hippocampus brain region A3-P2-CA1_S693_L001_R1		12.0	week
SRR4040764	SRP082327	12.000	c57bl/6						MUS_MUSCULUS	NextSeq 500 (NextSeq500)	True	381	Tximport	v1.25.8-hotfix				SRA		mouse hippocampus region		Nucleus from Hippocampus brain region A3-P2-CA1_S694_L001_R1		12.0	week
SRR4040765	SRP082327	12.000	c57bl/6						MUS_MUSCULUS	NextSeq 500 (NextSeq500)	True	381	Tximport	v1.25.8-hotfix				SRA		mouse hippocampus region		Nucleus from Hippocampus brain region A3-P2-CA1_S695_L001_R1		12.0	week
SRR4040766	SRP082327	12.000	c57bl/6						MUS_MUSCULUS	NextSeq 500 (NextSeq500)	True	381	Tximport	v1.25.8-hotfix				SRA		mouse hippocampus region		Nucleus from Hippocampus brain region A3-P2-CA1_S696_L001_R1		12.0	week
SRR4040767	SRP082327	12.000	c57bl/6						MUS_MUSCULUS	NextSeq 500 (NextSeq500)	True	381	Tximport	v1.25.8-hotfix				SRA		mouse hippocampus region		Nucleus from Hippocampus brain region A3-P2-CA1_S709_L001_R1		12.0	week
SRR4040768	SRP082327	12.000	c57bl/6						MUS_MUSCULUS	NextSeq 500 (NextSeq500)	True	381	Tximport	v1.25.8-hotfix				SRA		mouse hippocampus region		Nucleus from Hippocampus brain region A3-P2-CA1_S710_L001_R1		12.0	week
SRR4040769	SRP082327	12.000	c57bl/6						MUS_MUSCULUS	NextSeq 500 (NextSeq500)	True	381	Tximport	v1.25.8-hotfix				SRA		mouse hippocampus region		Nucleus from Hippocampus brain region A3-P2-CA1_S711_L001_R1		12.0	week
SRR4040770	SRP082327	12.000	c57bl/6						MUS_MUSCULUS	NextSeq 500 (NextSeq500)	True	381	Tximport	v1.25.8-hotfix				SRA		mouse hippocampus region		Nucleus from Hippocampus brain region A3-P2-CA1_S712_L001_R1		12.0	week
SRR4040771	SRP082327	12.000	c57bl/6						MUS_MUSCULUS	NextSeq 500 (NextSeq500)	True	381	Tximport	v1.25.8-hotfix				SRA		mouse hippocampus region		Nucleus from Hippocampus brain region A3-P2-CA1_S713_L001_R1		12.0	week
SRR4040772	SRP082327	12.000	c57bl/6						MUS_MUSCULUS	NextSeq 500 (NextSeq500)	True	381	Tximport	v1.25.8-hotfix				SRA		mouse hippocampus region		Nucleus from Hippocampus brain region A3-P2-CA1_S715_L001_R1		12.0	week
SRR4040773	SRP082327	12.000	c57bl/6						MUS_MUSCULUS	NextSeq 500 (NextSeq500)	True	381	Tximport	v1.25.8-hotfix				SRA		mouse hippocampus region		Nucleus from Hippocampus brain region A3-P2-CA1_S716_L001_R1		12.0	week
SRR4040774	SRP082327	12.000	c57bl/6						MUS_MUSCULUS	NextSeq 500 (NextSeq500)	True	381	Tximport	v1.25.8-hotfix				SRA		mouse hippocampus region		Nucleus from Hippocampus brain region A3-P2-CA1_S718_L001_R1		12.0	week
SRR4040775	SRP082327	12.000	c57bl/6						MUS_MUSCULUS	NextSeq 500 (NextSeq500)	True	381	Tximport	v1.25.8-hotfix				SRA		mouse hippocampus region		Nucleus from Hippocampus brain region A3-P2-CA1_S719_L001_R1		12.0	week
SRR4040776	SRP082327	12.000	c57bl/6						MUS_MUSCULUS	NextSeq 500 (NextSeq500)	True	381	Tximport	v1.25.8-hotfix				SRA		mouse hippocampus region		Nucleus from Hippocampus brain region A3-P2-CA1_S720_L001_R1		12.0	week
SRR4040777	SRP082327	12.000	c57bl/6						MUS_MUSCULUS	NextSeq 500 (NextSeq500)	True	381	Tximport	v1.25.8-hotfix				SRA		mouse hippocampus region		Nucleus from Hippocampus brain region A3-P2-CA1_S721_L001_R1		12.0	week
SRR4040778	SRP082327	12.000	c57bl/6						MUS_MUSCULUS	NextSeq 500 (NextSeq500)	True	381	Tximport	v1.25.8-hotfix				SRA		mouse hippocampus region		Nucleus from Hippocampus brain region A3-P2-CA1_S722_L001_R1		12.0	week
SRR4040779	SRP082327	12.000	c57bl/6						MUS_MUSCULUS	NextSeq 500 (NextSeq500)	True	381	Tximport	v1.25.8-hotfix				SRA		mouse hippocampus region		Nucleus from Hippocampus brain region A3-P2-CA1_S724_L001_R1		12.0	week
SRR4040780	SRP082327	12.000	c57bl/6						MUS_MUSCULUS	NextSeq 500 (NextSeq500)	True	381	Tximport	v1.25.8-hotfix				SRA		mouse hippocampus region		Nucleus from Hippocampus brain region A3-P2-CA1_S726_L001_R1		12.0	week
SRR4040781	SRP082327	12.000	c57bl/6						MUS_MUSCULUS	NextSeq 500 (NextSeq500)	True	381	Tximport	v1.25.8-hotfix				SRA		mouse hippocampus region		Nucleus from Hippocampus brain region A3-P2-CA1_S727_L001_R1		12.0	week
SRR4040782	SRP082327	12.000	c57bl/6						MUS_MUSCULUS	NextSeq 500 (NextSeq500)	True	381	Tximport	v1.25.8-hotfix				SRA		mouse hippocampus region		Nucleus from Hippocampus brain region A3-P2-CA1_S728_L001_R1		12.0	week
SRR4040783	SRP082327	12.000	c57bl/6						MUS_MUSCULUS	NextSeq 500 (NextSeq500)	True	381	Tximport	v1.25.8-hotfix				SRA		mouse hippocampus region		Nucleus from Hippocampus brain region A3-P2-CA1_S731_L001_R1		12.0	week
SRR4040784	SRP082327	12.000	c57bl/6						MUS_MUSCULUS	NextSeq 500 (NextSeq500)	True	381	Tximport	v1.25.8-hotfix				SRA		mouse hippocampus region		Nucleus from Hippocampus brain region A3-P2-CA1_S732_L001_R1		12.0	week
SRR4040785	SRP082327	12.000	c57bl/6						MUS_MUSCULUS	NextSeq 500 (NextSeq500)	True	381	Tximport	v1.25.8-hotfix				SRA		mouse hippocampus region		Nucleus from Hippocampus brain region A4-DG_S577_L001_R1		12.0	week
SRR4040786	SRP082327	12.000	c57bl/6						MUS_MUSCULUS	NextSeq 500 (NextSeq500)	True	381	Tximport	v1.25.8-hotfix				SRA		mouse hippocampus region		Nucleus from Hippocampus brain region A4-DG_S579_L001_R1		12.0	week
SRR4040787	SRP082327	12.000	c57bl/6						MUS_MUSCULUS	NextSeq 500 (NextSeq500)	True	381	Tximport	v1.25.8-hotfix				SRA		mouse hippocampus region		Nucleus from Hippocampus brain region A4-DG_S580_L001_R1		12.0	week
SRR4040788	SRP082327	12.000	c57bl/6						MUS_MUSCULUS	NextSeq 500 (NextSeq500)	True	381	Tximport	v1.25.8-hotfix				SRA		mouse hippocampus region		Nucleus from Hippocampus brain region A4-DG_S581_L001_R1		12.0	week
SRR4040789	SRP082327	12.000	c57bl/6						MUS_MUSCULUS	NextSeq 500 (NextSeq500)	True	381	Tximport	v1.25.8-hotfix				SRA		mouse hippocampus region		Nucleus from Hippocampus brain region A4-DG_S582_L001_R1		12.0	week
SRR4040790	SRP082327	12.000	c57bl/6						MUS_MUSCULUS	NextSeq 500 (NextSeq500)	True	381	Tximport	v1.25.8-hotfix				SRA		mouse hippocampus region		Nucleus from Hippocampus brain region A4-DG_S583_L001_R1		12.0	week
SRR4040791	SRP082327	12.000	c57bl/6						MUS_MUSCULUS	NextSeq 500 (NextSeq500)	True	381	Tximport	v1.25.8-hotfix				SRA		mouse hippocampus region		Nucleus from Hippocampus brain region A4-DG_S584_L001_R1		12.0	week
SRR4040792	SRP082327	12.000	c57bl/6						MUS_MUSCULUS	NextSeq 500 (NextSeq500)	True	381	Tximport	v1.25.8-hotfix				SRA		mouse hippocampus region		Nucleus from Hippocampus brain region A4-DG_S585_L001_R1		12.0	week
SRR4040793	SRP082327	12.000	c57bl/6						MUS_MUSCULUS	NextSeq 500 (NextSeq500)	True	381	Tximport	v1.25.8-hotfix				SRA		mouse hippocampus region		Nucleus from Hippocampus brain region A4-DG_S586_L001_R1		12.0	week
SRR4040794	SRP082327	12.000	c57bl/6						MUS_MUSCULUS	NextSeq 500 (NextSeq500)	True	381	Tximport	v1.25.8-hotfix				SRA		mouse hippocampus region		Nucleus from Hippocampus brain region A4-DG_S588_L001_R1		12.0	week
SRR4040795	SRP082327	12.000	c57bl/6						MUS_MUSCULUS	NextSeq 500 (NextSeq500)	True	381	Tximport	v1.25.8-hotfix				SRA		mouse hippocampus region		Nucleus from Hippocampus brain region A4-DG_S589_L001_R1		12.0	week
SRR4040796	SRP082327	12.000	c57bl/6						MUS_MUSCULUS	NextSeq 500 (NextSeq500)	True	381	Tximport	v1.25.8-hotfix				SRA		mouse hippocampus region		Nucleus from Hippocampus brain region A4-DG_S590_L001_R1		12.0	week
SRR4040797	SRP082327	12.000	c57bl/6						MUS_MUSCULUS	NextSeq 500 (NextSeq500)	True	381	Tximport	v1.25.8-hotfix				SRA		mouse hippocampus region		Nucleus from Hippocampus brain region A4-DG_S591_L001_R1		12.0	week
SRR4040798	SRP082327	12.000	c57bl/6						MUS_MUSCULUS	NextSeq 500 (NextSeq500)	True	381	Tximport	v1.25.8-hotfix				SRA		mouse hippocampus region		Nucleus from Hippocampus brain region A4-DG_S592_L001_R1		12.0	week
SRR4040799	SRP082327	12.000	c57bl/6						MUS_MUSCULUS	NextSeq 500 (NextSeq500)	True	381	Tximport	v1.25.8-hotfix				SRA		mouse hippocampus region		Nucleus from Hippocampus brain region A4-DG_S593_L001_R1		12.0	week
SRR4040800	SRP082327	12.000	c57bl/6						MUS_MUSCULUS	NextSeq 500 (NextSeq500)	True	381	Tximport	v1.25.8-hotfix				SRA		mouse hippocampus region		Nucleus from Hippocampus brain region A4-DG_S594_L001_R1		12.0	week
SRR4040801	SRP082327	12.000	c57bl/6						MUS_MUSCULUS	NextSeq 500 (NextSeq500)	True	381	Tximport	v1.25.8-hotfix				SRA		mouse hippocampus region		Nucleus from Hippocampus brain region A4-DG_S595_L001_R1		12.0	week
SRR4040802	SRP082327	12.000	c57bl/6						MUS_MUSCULUS	NextSeq 500 (NextSeq500)	True	381	Tximport	v1.25.8-hotfix				SRA		mouse hippocampus region		Nucleus from Hippocampus brain region A4-DG_S596_L001_R1		12.0	week
SRR4040803	SRP082327	12.000	c57bl/6						MUS_MUSCULUS	NextSeq 500 (NextSeq500)	True	381	Tximport	v1.25.8-hotfix				SRA		mouse hippocampus region		Nucleus from Hippocampus brain region A4-DG_S597_L001_R1		12.0	week
SRR4040804	SRP082327	12.000	c57bl/6						MUS_MUSCULUS	NextSeq 500 (NextSeq500)	True	381	Tximport	v1.25.8-hotfix				SRA		mouse hippocampus region		Nucleus from Hippocampus brain region A4-DG_S598_L001_R1		12.0	week
SRR4040805	SRP082327	12.000	c57bl/6						MUS_MUSCULUS	NextSeq 500 (NextSeq500)	True	381	Tximport	v1.25.8-hotfix				SRA		mouse hippocampus region		Nucleus from Hippocampus brain region A4-DG_S599_L001_R1		12.0	week
SRR4040806	SRP082327	12.000	c57bl/6						MUS_MUSCULUS	NextSeq 500 (NextSeq500)	True	381	Tximport	v1.25.8-hotfix				SRA		mouse hippocampus region		Nucleus from Hippocampus brain region A4-DG_S600_L001_R1		12.0	week
SRR4040807	SRP082327	12.000	c57bl/6						MUS_MUSCULUS	NextSeq 500 (NextSeq500)	True	381	Tximport	v1.25.8-hotfix				SRA		mouse hippocampus region		Nucleus from Hippocampus brain region A4-DG_S602_L001_R1		12.0	week
SRR4040808	SRP082327	12.000	c57bl/6						MUS_MUSCULUS	NextSeq 500 (NextSeq500)	True	381	Tximport	v1.25.8-hotfix				SRA		mouse hippocampus region		Nucleus from Hippocampus brain region A4-DG_S603_L001_R1		12.0	week
SRR4040809	SRP082327	12.000	c57bl/6						MUS_MUSCULUS	NextSeq 500 (NextSeq500)	True	381	Tximport	v1.25.8-hotfix				SRA		mouse hippocampus region		Nucleus from Hippocampus brain region A4-DG_S604_L001_R1		12.0	week
SRR4040810	SRP082327	12.000	c57bl/6						MUS_MUSCULUS	NextSeq 500 (NextSeq500)	True	381	Tximport	v1.25.8-hotfix				SRA		mouse hippocampus region		Nucleus from Hippocampus brain region A4-DG_S605_L001_R1		12.0	week
SRR4040811	SRP082327	12.000	c57bl/6						MUS_MUSCULUS	NextSeq 500 (NextSeq500)	True	381	Tximport	v1.25.8-hotfix				SRA		mouse hippocampus region		Nucleus from Hippocampus brain region A4-DG_S606_L001_R1		12.0	week
SRR4040812	SRP082327	12.000	c57bl/6						MUS_MUSCULUS	NextSeq 500 (NextSeq500)	True	381	Tximport	v1.25.8-hotfix				SRA		mouse hippocampus region		Nucleus from Hippocampus brain region A4-DG_S608_L001_R1		12.0	week
SRR4040813	SRP082327	12.000	c57bl/6						MUS_MUSCULUS	NextSeq 500 (NextSeq500)	True	381	Tximport	v1.25.8-hotfix				SRA		mouse hippocampus region		Nucleus from Hippocampus brain region A4-DG_S609_L001_R1		12.0	week
SRR4040814	SRP082327	12.000	c57bl/6						MUS_MUSCULUS	NextSeq 500 (NextSeq500)	True	381	Tximport	v1.25.8-hotfix				SRA		mouse hippocampus region		Nucleus from Hippocampus brain region A4-DG_S610_L001_R1		12.0	week
SRR4040815	SRP082327	12.000	c57bl/6						MUS_MUSCULUS	NextSeq 500 (NextSeq500)	True	381	Tximport	v1.25.8-hotfix				SRA		mouse hippocampus region		Nucleus from Hippocampus brain region A4-DG_S611_L001_R1		12.0	week
SRR4040816	SRP082327	12.000	c57bl/6						MUS_MUSCULUS	NextSeq 500 (NextSeq500)	True	381	Tximport	v1.25.8-hotfix				SRA		mouse hippocampus region		Nucleus from Hippocampus brain region A4-DG_S612_L001_R1		12.0	week
SRR4040817	SRP082327	12.000	c57bl/6						MUS_MUSCULUS	NextSeq 500 (NextSeq500)	True	381	Tximport	v1.25.8-hotfix				SRA		mouse hippocampus region		Nucleus from Hippocampus brain region A4-DG_S614_L001_R1		12.0	week
SRR4040818	SRP082327	12.000	c57bl/6						MUS_MUSCULUS	NextSeq 500 (NextSeq500)	True	381	Tximport	v1.25.8-hotfix				SRA		mouse hippocampus region		Nucleus from Hippocampus brain region A4-DG_S615_L001_R1		12.0	week
SRR4040819	SRP082327	12.000	c57bl/6						MUS_MUSCULUS	NextSeq 500 (NextSeq500)	True	381	Tximport	v1.25.8-hotfix				SRA		mouse hippocampus region		Nucleus from Hippocampus brain region A4-DG_S616_L001_R1		12.0	week
SRR4040820	SRP082327	12.000	c57bl/6						MUS_MUSCULUS	NextSeq 500 (NextSeq500)	True	381	Tximport	v1.25.8-hotfix				SRA		mouse hippocampus region		Nucleus from Hippocampus brain region A4-DG_S617_L001_R1		12.0	week
SRR4040821	SRP082327	12.000	c57bl/6						MUS_MUSCULUS	NextSeq 500 (NextSeq500)	True	381	Tximport	v1.25.8-hotfix				SRA		mouse hippocampus region		Nucleus from Hippocampus brain region A4-DG_S618_L001_R1		12.0	week
SRR4040822	SRP082327	12.000	c57bl/6						MUS_MUSCULUS	NextSeq 500 (NextSeq500)	True	381	Tximport	v1.25.8-hotfix				SRA		mouse hippocampus region		Nucleus from Hippocampus brain region A4-DG_S619_L001_R1		12.0	week
SRR4040823	SRP082327	12.000	c57bl/6						MUS_MUSCULUS	NextSeq 500 (NextSeq500)	True	381	Tximport	v1.25.8-hotfix				SRA		mouse hippocampus region		Nucleus from Hippocampus brain region A4-DG_S621_L001_R1		12.0	week
SRR4040824	SRP082327	12.000	c57bl/6						MUS_MUSCULUS	NextSeq 500 (NextSeq500)	True	381	Tximport	v1.25.8-hotfix				SRA		mouse hippocampus region		Nucleus from Hippocampus brain region A4-DG_S623_L001_R1		12.0	week
SRR4040825	SRP082327	12.000	c57bl/6						MUS_MUSCULUS	NextSeq 500 (NextSeq500)	True	381	Tximport	v1.25.8-hotfix				SRA		mouse hippocampus region		Nucleus from Hippocampus brain region A4-DG_S624_L001_R1		12.0	week
SRR4040826	SRP082327	12.000	c57bl/6						MUS_MUSCULUS	NextSeq 500 (NextSeq500)	True	381	Tximport	v1.25.8-hotfix				SRA		mouse hippocampus region		Nucleus from Hippocampus brain region A4-DG_S625_L001_R1		12.0	week
SRR4040827	SRP082327	12.000	c57bl/6						MUS_MUSCULUS	NextSeq 500 (NextSeq500)	True	381	Tximport	v1.25.8-hotfix				SRA		mouse hippocampus region		Nucleus from Hippocampus brain region A4-DG_S626_L001_R1		12.0	week
SRR4040828	SRP082327	12.000	c57bl/6						MUS_MUSCULUS	NextSeq 500 (NextSeq500)	True	381	Tximport	v1.25.8-hotfix				SRA		mouse hippocampus region		Nucleus from Hippocampus brain region A4-DG_S946_L001_R1		12.0	week
SRR4040829	SRP082327	12.000	c57bl/6						MUS_MUSCULUS	NextSeq 500 (NextSeq500)	True	381	Tximport	v1.25.8-hotfix				SRA		mouse hippocampus region		Nucleus from Hippocampus brain region A4-DG_S947_L001_R1		12.0	week
SRR4040830	SRP082327	12.000	c57bl/6						MUS_MUSCULUS	NextSeq 500 (NextSeq500)	True	381	Tximport	v1.25.8-hotfix				SRA		mouse hippocampus region		Nucleus from Hippocampus brain region A4-DG_S948_L001_R1		12.0	week
SRR4040831	SRP082327	12.000	c57bl/6						MUS_MUSCULUS	NextSeq 500 (NextSeq500)	True	381	Tximport	v1.25.8-hotfix				SRA		mouse hippocampus region		Nucleus from Hippocampus brain region A4-DG_S949_L001_R1		12.0	week
SRR4040832	SRP082327	12.000	c57bl/6						MUS_MUSCULUS	NextSeq 500 (NextSeq500)	True	381	Tximport	v1.25.8-hotfix				SRA		mouse hippocampus region		Nucleus from Hippocampus brain region A4-DG_S950_L001_R1		12.0	week
SRR4040833	SRP082327	12.000	c57bl/6						MUS_MUSCULUS	NextSeq 500 (NextSeq500)	True	381	Tximport	v1.25.8-hotfix				SRA		mouse hippocampus region		Nucleus from Hippocampus brain region A4-DG_S951_L001_R1		12.0	week
SRR4040834	SRP082327	12.000	c57bl/6						MUS_MUSCULUS	NextSeq 500 (NextSeq500)	True	381	Tximport	v1.25.8-hotfix				SRA		mouse hippocampus region		Nucleus from Hippocampus brain region A4-DG_S952_L001_R1		12.0	week
SRR4040835	SRP082327	12.000	c57bl/6						MUS_MUSCULUS	NextSeq 500 (NextSeq500)	True	381	Tximport	v1.25.8-hotfix				SRA		mouse hippocampus region		Nucleus from Hippocampus brain region A4-DG_S953_L001_R1		12.0	week
SRR4040836	SRP082327	12.000	c57bl/6						MUS_MUSCULUS	NextSeq 500 (NextSeq500)	True	381	Tximport	v1.25.8-hotfix				SRA		mouse hippocampus region		Nucleus from Hippocampus brain region A4-DG_S954_L001_R1		12.0	week
SRR4040837	SRP082327	12.000	c57bl/6						MUS_MUSCULUS	NextSeq 500 (NextSeq500)	True	381	Tximport	v1.25.8-hotfix				SRA		mouse hippocampus region		Nucleus from Hippocampus brain region A4-DG_S955_L001_R1		12.0	week
SRR4040838	SRP082327	12.000	c57bl/6						MUS_MUSCULUS	NextSeq 500 (NextSeq500)	True	381	Tximport	v1.25.8-hotfix				SRA		mouse hippocampus region		Nucleus from Hippocampus brain region A4-DG_S956_L001_R1		12.0	week
SRR4040839	SRP082327	12.000	c57bl/6						MUS_MUSCULUS	NextSeq 500 (NextSeq500)	True	381	Tximport	v1.25.8-hotfix				SRA		mouse hippocampus region		Nucleus from Hippocampus brain region A4-DG_S957_L001_R1		12.0	week
SRR4040840	SRP082327	12.000	c57bl/6						MUS_MUSCULUS	NextSeq 500 (NextSeq500)	True	381	Tximport	v1.25.8-hotfix				SRA		mouse hippocampus region		Nucleus from Hippocampus brain region A4-DG_S958_L001_R1		12.0	week
SRR4040841	SRP082327	12.000	c57bl/6						MUS_MUSCULUS	NextSeq 500 (NextSeq500)	True	381	Tximport	v1.25.8-hotfix				SRA		mouse hippocampus region		Nucleus from Hippocampus brain region A4-DG_S959_L001_R1		12.0	week
SRR4040842	SRP082327	12.000	c57bl/6						MUS_MUSCULUS	NextSeq 500 (NextSeq500)	True	381	Tximport	v1.25.8-hotfix				SRA		mouse hippocampus region		Nucleus from Hippocampus brain region A4-DG_S960_L001_R1		12.0	week
SRR4040843	SRP082327	4.000	c57bl/6						MUS_MUSCULUS	NextSeq 500 (NextSeq500)	True	381	Tximport	v1.25.8-hotfix				SRA		mouse hippocampus region		Nucleus from Hippocampus brain region Young1-DG_S409_L001_R1		4.0	week
SRR4040844	SRP082327	4.000	c57bl/6						MUS_MUSCULUS	NextSeq 500 (NextSeq500)	True	381	Tximport	v1.25.8-hotfix				SRA		mouse hippocampus region		Nucleus from Hippocampus brain region Young1-DG_S410_L001_R1		4.0	week
SRR4040845	SRP082327	4.000	c57bl/6						MUS_MUSCULUS	NextSeq 500 (NextSeq500)	True	381	Tximport	v1.25.8-hotfix				SRA		mouse hippocampus region		Nucleus from Hippocampus brain region Young1-DG_S411_L001_R1		4.0	week
SRR4040846	SRP082327	4.000	c57bl/6						MUS_MUSCULUS	NextSeq 500 (NextSeq500)	True	381	Tximport	v1.25.8-hotfix				SRA		mouse hippocampus region		Nucleus from Hippocampus brain region Young1-DG_S412_L001_R1		4.0	week
SRR4040847	SRP082327	4.000	c57bl/6						MUS_MUSCULUS	NextSeq 500 (NextSeq500)	True	381	Tximport	v1.25.8-hotfix				SRA		mouse hippocampus region		Nucleus from Hippocampus brain region Young1-DG_S413_L001_R1		4.0	week
SRR4040848	SRP082327	4.000	c57bl/6						MUS_MUSCULUS	NextSeq 500 (NextSeq500)	True	381	Tximport	v1.25.8-hotfix				SRA		mouse hippocampus region		Nucleus from Hippocampus brain region Young1-DG_S414_L001_R1		4.0	week
SRR4040849	SRP082327	4.000	c57bl/6						MUS_MUSCULUS	NextSeq 500 (NextSeq500)	True	381	Tximport	v1.25.8-hotfix				SRA		mouse hippocampus region		Nucleus from Hippocampus brain region Young1-DG_S415_L001_R1		4.0	week
SRR4040850	SRP082327	4.000	c57bl/6						MUS_MUSCULUS	NextSeq 500 (NextSeq500)	True	381	Tximport	v1.25.8-hotfix				SRA		mouse hippocampus region		Nucleus from Hippocampus brain region Young1-DG_S416_L001_R1		4.0	week
SRR4040851	SRP082327	4.000	c57bl/6						MUS_MUSCULUS	NextSeq 500 (NextSeq500)	True	381	Tximport	v1.25.8-hotfix				SRA		mouse hippocampus region		Nucleus from Hippocampus brain region Young1-DG_S417_L001_R1		4.0	week
SRR4040852	SRP082327	4.000	c57bl/6						MUS_MUSCULUS	NextSeq 500 (NextSeq500)	True	381	Tximport	v1.25.8-hotfix				SRA		mouse hippocampus region		Nucleus from Hippocampus brain region Young1-DG_S418_L001_R1		4.0	week
SRR4040853	SRP082327	4.000	c57bl/6						MUS_MUSCULUS	NextSeq 500 (NextSeq500)	True	381	Tximport	v1.25.8-hotfix				SRA		mouse hippocampus region		Nucleus from Hippocampus brain region Young1-DG_S419_L001_R1		4.0	week
SRR4040854	SRP082327	4.000	c57bl/6						MUS_MUSCULUS	NextSeq 500 (NextSeq500)	True	381	Tximport	v1.25.8-hotfix				SRA		mouse hippocampus region		Nucleus from Hippocampus brain region Young1-DG_S420_L001_R1		4.0	week
SRR4040855	SRP082327	4.000	c57bl/6						MUS_MUSCULUS	NextSeq 500 (NextSeq500)	True	381	Tximport	v1.25.8-hotfix				SRA		mouse hippocampus region		Nucleus from Hippocampus brain region Young1-DG_S421_L001_R1		4.0	week
SRR4040856	SRP082327	4.000	c57bl/6						MUS_MUSCULUS	NextSeq 500 (NextSeq500)	True	381	Tximport	v1.25.8-hotfix				SRA		mouse hippocampus region		Nucleus from Hippocampus brain region Young1-DG_S422_L001_R1		4.0	week
SRR4040857	SRP082327	4.000	c57bl/6						MUS_MUSCULUS	NextSeq 500 (NextSeq500)	True	381	Tximport	v1.25.8-hotfix				SRA		mouse hippocampus region		Nucleus from Hippocampus brain region Young1-DG_S423_L001_R1		4.0	week
SRR4040858	SRP082327	4.000	c57bl/6						MUS_MUSCULUS	NextSeq 500 (NextSeq500)	True	381	Tximport	v1.25.8-hotfix				SRA		mouse hippocampus region		Nucleus from Hippocampus brain region Young1-DG_S424_L001_R1		4.0	week
SRR4040859	SRP082327	4.000	c57bl/6						MUS_MUSCULUS	NextSeq 500 (NextSeq500)	True	381	Tximport	v1.25.8-hotfix				SRA		mouse hippocampus region		Nucleus from Hippocampus brain region Young1-DG_S425_L001_R1		4.0	week
SRR4040860	SRP082327	4.000	c57bl/6						MUS_MUSCULUS	NextSeq 500 (NextSeq500)	True	381	Tximport	v1.25.8-hotfix				SRA		mouse hippocampus region		Nucleus from Hippocampus brain region Young1-DG_S426_L001_R1		4.0	week
SRR4040861	SRP082327	4.000	c57bl/6						MUS_MUSCULUS	NextSeq 500 (NextSeq500)	True	381	Tximport	v1.25.8-hotfix				SRA		mouse hippocampus region		Nucleus from Hippocampus brain region Young1-DG_S427_L001_R1		4.0	week
SRR4040862	SRP082327	4.000	c57bl/6						MUS_MUSCULUS	NextSeq 500 (NextSeq500)	True	381	Tximport	v1.25.8-hotfix				SRA		mouse hippocampus region		Nucleus from Hippocampus brain region Young1-DG_S428_L001_R1		4.0	week
SRR4040863	SRP082327	4.000	c57bl/6						MUS_MUSCULUS	NextSeq 500 (NextSeq500)	True	381	Tximport	v1.25.8-hotfix				SRA		mouse hippocampus region		Nucleus from Hippocampus brain region Young1-DG_S429_L001_R1		4.0	week
SRR4040864	SRP082327	4.000	c57bl/6						MUS_MUSCULUS	NextSeq 500 (NextSeq500)	True	381	Tximport	v1.25.8-hotfix				SRA		mouse hippocampus region		Nucleus from Hippocampus brain region Young1-DG_S430_L001_R1		4.0	week
SRR4040865	SRP082327	4.000	c57bl/6						MUS_MUSCULUS	NextSeq 500 (NextSeq500)	True	381	Tximport	v1.25.8-hotfix				SRA		mouse hippocampus region		Nucleus from Hippocampus brain region Young1-DG_S431_L001_R1		4.0	week
SRR4040866	SRP082327	4.000	c57bl/6						MUS_MUSCULUS	NextSeq 500 (NextSeq500)	True	381	Tximport	v1.25.8-hotfix				SRA		mouse hippocampus region		Nucleus from Hippocampus brain region Young1-DG_S432_L001_R1		4.0	week
SRR4040867	SRP082327	4.000	c57bl/6						MUS_MUSCULUS	NextSeq 500 (NextSeq500)	True	381	Tximport	v1.25.8-hotfix				SRA		mouse hippocampus region		Nucleus from Hippocampus brain region Young1-DG_S433_L001_R1		4.0	week
SRR4040868	SRP082327	4.000	c57bl/6						MUS_MUSCULUS	NextSeq 500 (NextSeq500)	True	381	Tximport	v1.25.8-hotfix				SRA		mouse hippocampus region		Nucleus from Hippocampus brain region Young1-DG_S434_L001_R1		4.0	week
SRR4040869	SRP082327	4.000	c57bl/6						MUS_MUSCULUS	NextSeq 500 (NextSeq500)	True	381	Tximport	v1.25.8-hotfix				SRA		mouse hippocampus region		Nucleus from Hippocampus brain region Young1-DG_S435_L001_R1		4.0	week
SRR4040870	SRP082327	4.000	c57bl/6						MUS_MUSCULUS	NextSeq 500 (NextSeq500)	True	381	Tximport	v1.25.8-hotfix				SRA		mouse hippocampus region		Nucleus from Hippocampus brain region Young1-DG_S436_L001_R1		4.0	week
SRR4040871	SRP082327	4.000	c57bl/6						MUS_MUSCULUS	NextSeq 500 (NextSeq500)	True	381	Tximport	v1.25.8-hotfix				SRA		mouse hippocampus region		Nucleus from Hippocampus brain region Young1-DG_S437_L001_R1		4.0	week
SRR4040872	SRP082327	4.000	c57bl/6						MUS_MUSCULUS	NextSeq 500 (NextSeq500)	True	381	Tximport	v1.25.8-hotfix				SRA		mouse hippocampus region		Nucleus from Hippocampus brain region Young1-DG_S438_L001_R1		4.0	week
SRR4040873	SRP082327	4.000	c57bl/6						MUS_MUSCULUS	NextSeq 500 (NextSeq500)	True	381	Tximport	v1.25.8-hotfix				SRA		mouse hippocampus region		Nucleus from Hippocampus brain region Young1-DG_S439_L001_R1		4.0	week
SRR4040874	SRP082327	4.000	c57bl/6						MUS_MUSCULUS	NextSeq 500 (NextSeq500)	True	381	Tximport	v1.25.8-hotfix				SRA		mouse hippocampus region		Nucleus from Hippocampus brain region Young1-DG_S440_L001_R1		4.0	week
SRR4040875	SRP082327	4.000	c57bl/6						MUS_MUSCULUS	NextSeq 500 (NextSeq500)	True	381	Tximport	v1.25.8-hotfix				SRA		mouse hippocampus region		Nucleus from Hippocampus brain region Young1-DG_S441_L001_R1		4.0	week
SRR4040876	SRP082327	4.000	c57bl/6						MUS_MUSCULUS	NextSeq 500 (NextSeq500)	True	381	Tximport	v1.25.8-hotfix				SRA		mouse hippocampus region		Nucleus from Hippocampus brain region Young1-DG_S442_L001_R1		4.0	week
SRR4040877	SRP082327	4.000	c57bl/6						MUS_MUSCULUS	NextSeq 500 (NextSeq500)	True	381	Tximport	v1.25.8-hotfix				SRA		mouse hippocampus region		Nucleus from Hippocampus brain region Young1-DG_S443_L001_R1		4.0	week
SRR4040878	SRP082327	4.000	c57bl/6						MUS_MUSCULUS	NextSeq 500 (NextSeq500)	True	381	Tximport	v1.25.8-hotfix				SRA		mouse hippocampus region		Nucleus from Hippocampus brain region Young2_S13_L001_R1		4.0	week
SRR4040879	SRP082327	4.000	c57bl/6						MUS_MUSCULUS	NextSeq 500 (NextSeq500)	True	381	Tximport	v1.25.8-hotfix				SRA		mouse hippocampus region		Nucleus from Hippocampus brain region Young2_S14_L001_R1		4.0	week
SRR4040880	SRP082327	4.000	c57bl/6						MUS_MUSCULUS	NextSeq 500 (NextSeq500)	True	381	Tximport	v1.25.8-hotfix				SRA		mouse hippocampus region		Nucleus from Hippocampus brain region Young2_S15_L001_R1		4.0	week
SRR4040881	SRP082327	4.000	c57bl/6						MUS_MUSCULUS	NextSeq 500 (NextSeq500)	True	381	Tximport	v1.25.8-hotfix				SRA		mouse hippocampus region		Nucleus from Hippocampus brain region Young2_S16_L001_R1		4.0	week
SRR4040882	SRP082327	4.000	c57bl/6						MUS_MUSCULUS	NextSeq 500 (NextSeq500)	True	381	Tximport	v1.25.8-hotfix				SRA		mouse hippocampus region		Nucleus from Hippocampus brain region Young2_S17_L001_R1		4.0	week
SRR4040883	SRP082327	4.000	c57bl/6						MUS_MUSCULUS	NextSeq 500 (NextSeq500)	True	381	Tximport	v1.25.8-hotfix				SRA		mouse hippocampus region		Nucleus from Hippocampus brain region Young2_S18_L001_R1		4.0	week
SRR4040884	SRP082327	4.000	c57bl/6						MUS_MUSCULUS	NextSeq 500 (NextSeq500)	True	381	Tximport	v1.25.8-hotfix				SRA		mouse hippocampus region		Nucleus from Hippocampus brain region Young2_S19_L001_R1		4.0	week
SRR4040885	SRP082327	4.000	c57bl/6						MUS_MUSCULUS	NextSeq 500 (NextSeq500)	True	381	Tximport	v1.25.8-hotfix				SRA		mouse hippocampus region		Nucleus from Hippocampus brain region Young2_S20_L001_R1		4.0	week
SRR4040886	SRP082327	4.000	c57bl/6						MUS_MUSCULUS	NextSeq 500 (NextSeq500)	True	381	Tximport	v1.25.8-hotfix				SRA		mouse hippocampus region		Nucleus from Hippocampus brain region Young2_S21_L001_R1		4.0	week
SRR4040887	SRP082327	4.000	c57bl/6						MUS_MUSCULUS	NextSeq 500 (NextSeq500)	True	381	Tximport	v1.25.8-hotfix				SRA		mouse hippocampus region		Nucleus from Hippocampus brain region Young2_S22_L001_R1		4.0	week
SRR4040888	SRP082327	4.000	c57bl/6						MUS_MUSCULUS	NextSeq 500 (NextSeq500)	True	381	Tximport	v1.25.8-hotfix				SRA		mouse hippocampus region		Nucleus from Hippocampus brain region Young2_S23_L001_R1		4.0	week
SRR4040889	SRP082327	4.000	c57bl/6						MUS_MUSCULUS	NextSeq 500 (NextSeq500)	True	381	Tximport	v1.25.8-hotfix				SRA		mouse hippocampus region		Nucleus from Hippocampus brain region Young2_S24_L001_R1		4.0	week
SRR4040890	SRP082327	4.000	c57bl/6						MUS_MUSCULUS	NextSeq 500 (NextSeq500)	True	381	Tximport	v1.25.8-hotfix				SRA		mouse hippocampus region		Nucleus from Hippocampus brain region Young2_S25_L001_R1		4.0	week
SRR4040891	SRP082327	4.000	c57bl/6						MUS_MUSCULUS	NextSeq 500 (NextSeq500)	True	381	Tximport	v1.25.8-hotfix				SRA		mouse hippocampus region		Nucleus from Hippocampus brain region Young2_S26_L001_R1		4.0	week
SRR4040892	SRP082327	4.000	c57bl/6						MUS_MUSCULUS	NextSeq 500 (NextSeq500)	True	381	Tximport	v1.25.8-hotfix				SRA		mouse hippocampus region		Nucleus from Hippocampus brain region Young2_S27_L001_R1		4.0	week
SRR4040893	SRP082327	4.000	c57bl/6						MUS_MUSCULUS	NextSeq 500 (NextSeq500)	True	381	Tximport	v1.25.8-hotfix				SRA		mouse hippocampus region		Nucleus from Hippocampus brain region Young2_S28_L001_R1		4.0	week
SRR4040894	SRP082327	4.000	c57bl/6						MUS_MUSCULUS	NextSeq 500 (NextSeq500)	True	381	Tximport	v1.25.8-hotfix				SRA		mouse hippocampus region		Nucleus from Hippocampus brain region Young2_S29_L001_R1		4.0	week
SRR4040895	SRP082327	4.000	c57bl/6						MUS_MUSCULUS	NextSeq 500 (NextSeq500)	True	381	Tximport	v1.25.8-hotfix				SRA		mouse hippocampus region		Nucleus from Hippocampus brain region Young2_S30_L001_R1		4.0	week
SRR4040896	SRP082327	4.000	c57bl/6						MUS_MUSCULUS	NextSeq 500 (NextSeq500)	True	381	Tximport	v1.25.8-hotfix				SRA		mouse hippocampus region		Nucleus from Hippocampus brain region Young2_S31_L001_R1		4.0	week
SRR4040897	SRP082327	4.000	c57bl/6						MUS_MUSCULUS	NextSeq 500 (NextSeq500)	True	381	Tximport	v1.25.8-hotfix				SRA		mouse hippocampus region		Nucleus from Hippocampus brain region Young2_S32_L001_R1		4.0	week
SRR4040898	SRP082327	4.000	c57bl/6						MUS_MUSCULUS	NextSeq 500 (NextSeq500)	True	381	Tximport	v1.25.8-hotfix				SRA		mouse hippocampus region		Nucleus from Hippocampus brain region Young2_S33_L001_R1		4.0	week
SRR4040899	SRP082327	4.000	c57bl/6						MUS_MUSCULUS	NextSeq 500 (NextSeq500)	True	381	Tximport	v1.25.8-hotfix				SRA		mouse hippocampus region		Nucleus from Hippocampus brain region Young2_S34_L001_R1		4.0	week
SRR4040900	SRP082327	4.000	c57bl/6						MUS_MUSCULUS	NextSeq 500 (NextSeq500)	True	381	Tximport	v1.25.8-hotfix				SRA		mouse hippocampus region		Nucleus from Hippocampus brain region Young2_S36_L001_R1		4.0	week
SRR4040901	SRP082327	4.000	c57bl/6						MUS_MUSCULUS	NextSeq 500 (NextSeq500)	True	381	Tximport	v1.25.8-hotfix				SRA		mouse hippocampus region		Nucleus from Hippocampus brain region Young2_S37_L001_R1		4.0	week
SRR4040902	SRP082327	4.000	c57bl/6						MUS_MUSCULUS	NextSeq 500 (NextSeq500)	True	381	Tximport	v1.25.8-hotfix				SRA		mouse hippocampus region		Nucleus from Hippocampus brain region Young2_S38_L001_R1		4.0	week
SRR4040903	SRP082327	4.000	c57bl/6						MUS_MUSCULUS	NextSeq 500 (NextSeq500)	True	381	Tximport	v1.25.8-hotfix				SRA		mouse hippocampus region		Nucleus from Hippocampus brain region Young2_S39_L001_R1		4.0	week
SRR4040904	SRP082327	4.000	c57bl/6						MUS_MUSCULUS	NextSeq 500 (NextSeq500)	True	381	Tximport	v1.25.8-hotfix				SRA		mouse hippocampus region		Nucleus from Hippocampus brain region Young2_S40_L001_R1		4.0	week
SRR4040905	SRP082327	4.000	c57bl/6						MUS_MUSCULUS	NextSeq 500 (NextSeq500)	True	381	Tximport	v1.25.8-hotfix				SRA		mouse hippocampus region		Nucleus from Hippocampus brain region Young2_S41_L001_R1		4.0	week
SRR4040906	SRP082327	4.000	c57bl/6						MUS_MUSCULUS	NextSeq 500 (NextSeq500)	True	381	Tximport	v1.25.8-hotfix				SRA		mouse hippocampus region		Nucleus from Hippocampus brain region Young2_S42_L001_R1		4.0	week
SRR4040907	SRP082327	4.000	c57bl/6						MUS_MUSCULUS	NextSeq 500 (NextSeq500)	True	381	Tximport	v1.25.8-hotfix				SRA		mouse hippocampus region		Nucleus from Hippocampus brain region Young2_S43_L001_R1		4.0	week
SRR4040908	SRP082327	4.000	c57bl/6						MUS_MUSCULUS	NextSeq 500 (NextSeq500)	True	381	Tximport	v1.25.8-hotfix				SRA		mouse hippocampus region		Nucleus from Hippocampus brain region Young2_S44_L001_R1		4.0	week
SRR4040909	SRP082327	4.000	c57bl/6						MUS_MUSCULUS	NextSeq 500 (NextSeq500)	True	381	Tximport	v1.25.8-hotfix				SRA		mouse hippocampus region		Nucleus from Hippocampus brain region Young2_S45_L001_R1		4.0	week
SRR4040910	SRP082327	4.000	c57bl/6						MUS_MUSCULUS	NextSeq 500 (NextSeq500)	True	381	Tximport	v1.25.8-hotfix				SRA		mouse hippocampus region		Nucleus from Hippocampus brain region Young2_S47_L001_R1		4.0	week
SRR4040911	SRP082327	4.000	c57bl/6						MUS_MUSCULUS	NextSeq 500 (NextSeq500)	True	381	Tximport	v1.25.8-hotfix				SRA		mouse hippocampus region		Nucleus from Hippocampus brain region Young2_S48_L001_R1		4.0	week
SRR4040912	SRP082327	4.000	c57bl/6						MUS_MUSCULUS	NextSeq 500 (NextSeq500)	True	381	Tximport	v1.25.8-hotfix				SRA		mouse hippocampus region		Nucleus from Hippocampus brain region Young2_S49_L001_R1		4.0	week
SRR4040913	SRP082327	4.000	c57bl/6						MUS_MUSCULUS	NextSeq 500 (NextSeq500)	True	381	Tximport	v1.25.8-hotfix				SRA		mouse hippocampus region		Nucleus from Hippocampus brain region Young2_S50_L001_R1		4.0	week
SRR4040914	SRP082327	4.000	c57bl/6						MUS_MUSCULUS	NextSeq 500 (NextSeq500)	True	381	Tximport	v1.25.8-hotfix				SRA		mouse hippocampus region		Nucleus from Hippocampus brain region Young2_S51_L001_R1		4.0	week
SRR4040915	SRP082327	4.000	c57bl/6						MUS_MUSCULUS	NextSeq 500 (NextSeq500)	True	381	Tximport	v1.25.8-hotfix				SRA		mouse hippocampus region		Nucleus from Hippocampus brain region Young2_S52_L001_R1		4.0	week
SRR4040916	SRP082327	4.000	c57bl/6						MUS_MUSCULUS	NextSeq 500 (NextSeq500)	True	381	Tximport	v1.25.8-hotfix				SRA		mouse hippocampus region		Nucleus from Hippocampus brain region Young2_S53_L001_R1		4.0	week
SRR4040917	SRP082327	4.000	c57bl/6						MUS_MUSCULUS	NextSeq 500 (NextSeq500)	True	381	Tximport	v1.25.8-hotfix				SRA		mouse hippocampus region		Nucleus from Hippocampus brain region Young2_S54_L001_R1		4.0	week
SRR4040918	SRP082327	4.000	c57bl/6						MUS_MUSCULUS	NextSeq 500 (NextSeq500)	True	381	Tximport	v1.25.8-hotfix				SRA		mouse hippocampus region		Nucleus from Hippocampus brain region Young2_S55_L001_R1		4.0	week
SRR4040919	SRP082327	4.000	c57bl/6						MUS_MUSCULUS	NextSeq 500 (NextSeq500)	True	381	Tximport	v1.25.8-hotfix				SRA		mouse hippocampus region		Nucleus from Hippocampus brain region Young2_S56_L001_R1		4.0	week
SRR4040920	SRP082327	4.000	c57bl/6						MUS_MUSCULUS	NextSeq 500 (NextSeq500)	True	381	Tximport	v1.25.8-hotfix				SRA		mouse hippocampus region		Nucleus from Hippocampus brain region Young2_S57_L001_R1		4.0	week
SRR4040921	SRP082327	4.000	c57bl/6						MUS_MUSCULUS	NextSeq 500 (NextSeq500)	True	381	Tximport	v1.25.8-hotfix				SRA		mouse hippocampus region		Nucleus from Hippocampus brain region Young2_S58_L001_R1		4.0	week
SRR4040922	SRP082327	4.000	c57bl/6						MUS_MUSCULUS	NextSeq 500 (NextSeq500)	True	381	Tximport	v1.25.8-hotfix				SRA		mouse hippocampus region		Nucleus from Hippocampus brain region Young2_S59_L001_R1		4.0	week
SRR4040923	SRP082327	4.000	c57bl/6						MUS_MUSCULUS	NextSeq 500 (NextSeq500)	True	381	Tximport	v1.25.8-hotfix				SRA		mouse hippocampus region		Nucleus from Hippocampus brain region Young2_S60_L001_R1		4.0	week
SRR4040924	SRP082327	4.000	c57bl/6						MUS_MUSCULUS	NextSeq 500 (NextSeq500)	True	381	Tximport	v1.25.8-hotfix				SRA		mouse hippocampus region		Nucleus from Hippocampus brain region Young2_S61_L001_R1		4.0	week
SRR4040925	SRP082327	4.000	c57bl/6						MUS_MUSCULUS	NextSeq 500 (NextSeq500)	True	381	Tximport	v1.25.8-hotfix				SRA		mouse hippocampus region		Nucleus from Hippocampus brain region Young2_S62_L001_R1		4.0	week
SRR4040926	SRP082327	4.000	c57bl/6						MUS_MUSCULUS	NextSeq 500 (NextSeq500)	True	381	Tximport	v1.25.8-hotfix				SRA		mouse hippocampus region		Nucleus from Hippocampus brain region Young2_S63_L001_R1		4.0	week
SRR4040927	SRP082327	4.000	c57bl/6						MUS_MUSCULUS	NextSeq 500 (NextSeq500)	True	381	Tximport	v1.25.8-hotfix				SRA		mouse hippocampus region		Nucleus from Hippocampus brain region Young2_S64_L001_R1		4.0	week
SRR4040928	SRP082327	4.000	c57bl/6						MUS_MUSCULUS	NextSeq 500 (NextSeq500)	True	381	Tximport	v1.25.8-hotfix				SRA		mouse hippocampus region		Nucleus from Hippocampus brain region Young2_S66_L001_R1		4.0	week
SRR4040929	SRP082327	4.000	c57bl/6						MUS_MUSCULUS	NextSeq 500 (NextSeq500)	True	381	Tximport	v1.25.8-hotfix				SRA		mouse hippocampus region		Nucleus from Hippocampus brain region Young2_S67_L001_R1		4.0	week
SRR4040930	SRP082327	4.000	c57bl/6						MUS_MUSCULUS	NextSeq 500 (NextSeq500)	True	381	Tximport	v1.25.8-hotfix				SRA		mouse hippocampus region		Nucleus from Hippocampus brain region Young2_S68_L001_R1		4.0	week
SRR4040931	SRP082327	4.000	c57bl/6						MUS_MUSCULUS	NextSeq 500 (NextSeq500)	True	381	Tximport	v1.25.8-hotfix				SRA		mouse hippocampus region		Nucleus from Hippocampus brain region Young2_S69_L001_R1		4.0	week
SRR4040932	SRP082327	4.000	c57bl/6						MUS_MUSCULUS	NextSeq 500 (NextSeq500)	True	381	Tximport	v1.25.8-hotfix				SRA		mouse hippocampus region		Nucleus from Hippocampus brain region Young2_S70_L001_R1		4.0	week
SRR4040933	SRP082327	4.000	c57bl/6						MUS_MUSCULUS	NextSeq 500 (NextSeq500)	True	381	Tximport	v1.25.8-hotfix				SRA		mouse hippocampus region		Nucleus from Hippocampus brain region Young2_S71_L001_R1		4.0	week
SRR4040934	SRP082327	4.000	c57bl/6						MUS_MUSCULUS	NextSeq 500 (NextSeq500)	True	381	Tximport	v1.25.8-hotfix				SRA		mouse hippocampus region		Nucleus from Hippocampus brain region Young2_S72_L001_R1		4.0	week
SRR4040935	SRP082327	4.000	c57bl/6						MUS_MUSCULUS	NextSeq 500 (NextSeq500)	True	381	Tximport	v1.25.8-hotfix				SRA		mouse hippocampus region		Nucleus from Hippocampus brain region Young2_S73_L001_R1		4.0	week
SRR4040936	SRP082327	4.000	c57bl/6						MUS_MUSCULUS	NextSeq 500 (NextSeq500)	True	381	Tximport	v1.25.8-hotfix				SRA		mouse hippocampus region		Nucleus from Hippocampus brain region Young2_S74_L001_R1		4.0	week
SRR4040937	SRP082327	4.000	c57bl/6						MUS_MUSCULUS	NextSeq 500 (NextSeq500)	True	381	Tximport	v1.25.8-hotfix				SRA		mouse hippocampus region		Nucleus from Hippocampus brain region Young2_S75_L001_R1		4.0	week
SRR4040938	SRP082327	4.000	c57bl/6						MUS_MUSCULUS	NextSeq 500 (NextSeq500)	True	381	Tximport	v1.25.8-hotfix				SRA		mouse hippocampus region		Nucleus from Hippocampus brain region Young2_S76_L001_R1		4.0	week
SRR4040939	SRP082327	4.000	c57bl/6						MUS_MUSCULUS	NextSeq 500 (NextSeq500)	True	381	Tximport	v1.25.8-hotfix				SRA		mouse hippocampus region		Nucleus from Hippocampus brain region Young2_S77_L001_R1		4.0	week
SRR4040940	SRP082327	4.000	c57bl/6						MUS_MUSCULUS	NextSeq 500 (NextSeq500)	True	381	Tximport	v1.25.8-hotfix				SRA		mouse hippocampus region		Nucleus from Hippocampus brain region Young2_S78_L001_R1		4.0	week
SRR4040941	SRP082327	4.000	c57bl/6						MUS_MUSCULUS	NextSeq 500 (NextSeq500)	True	381	Tximport	v1.25.8-hotfix				SRA		mouse hippocampus region		Nucleus from Hippocampus brain region Young2_S79_L001_R1		4.0	week
SRR4040942	SRP082327	4.000	c57bl/6						MUS_MUSCULUS	NextSeq 500 (NextSeq500)	True	381	Tximport	v1.25.8-hotfix				SRA		mouse hippocampus region		Nucleus from Hippocampus brain region Young2_S80_L001_R1		4.0	week
SRR4040943	SRP082327	4.000	c57bl/6						MUS_MUSCULUS	NextSeq 500 (NextSeq500)	True	381	Tximport	v1.25.8-hotfix				SRA		mouse hippocampus region		Nucleus from Hippocampus brain region Young2_S81_L001_R1		4.0	week
SRR4040944	SRP082327	4.000	c57bl/6						MUS_MUSCULUS	NextSeq 500 (NextSeq500)	True	381	Tximport	v1.25.8-hotfix				SRA		mouse hippocampus region		Nucleus from Hippocampus brain region Young2_S82_L001_R1		4.0	week
SRR4040945	SRP082327	4.000	c57bl/6						MUS_MUSCULUS	NextSeq 500 (NextSeq500)	True	381	Tximport	v1.25.8-hotfix				SRA		mouse hippocampus region		Nucleus from Hippocampus brain region Young2_S83_L001_R1		4.0	week
SRR4040946	SRP082327	4.000	c57bl/6						MUS_MUSCULUS	NextSeq 500 (NextSeq500)	True	381	Tximport	v1.25.8-hotfix				SRA		mouse hippocampus region		Nucleus from Hippocampus brain region Young2_S85_L001_R1		4.0	week
SRR4040947	SRP082327	4.000	c57bl/6						MUS_MUSCULUS	NextSeq 500 (NextSeq500)	True	381	Tximport	v1.25.8-hotfix				SRA		mouse hippocampus region		Nucleus from Hippocampus brain region Young2_S86_L001_R1		4.0	week
SRR4040948	SRP082327	4.000	c57bl/6						MUS_MUSCULUS	NextSeq 500 (NextSeq500)	True	381	Tximport	v1.25.8-hotfix				SRA		mouse hippocampus region		Nucleus from Hippocampus brain region Young2_S87_L001_R1		4.0	week
SRR4040949	SRP082327	4.000	c57bl/6						MUS_MUSCULUS	NextSeq 500 (NextSeq500)	True	381	Tximport	v1.25.8-hotfix				SRA		mouse hippocampus region		Nucleus from Hippocampus brain region Young2_S88_L001_R1		4.0	week
SRR4040950	SRP082327	4.000	c57bl/6						MUS_MUSCULUS	NextSeq 500 (NextSeq500)	True	381	Tximport	v1.25.8-hotfix				SRA		mouse hippocampus region		Nucleus from Hippocampus brain region Young2_S89_L001_R1		4.0	week
SRR4040951	SRP082327	4.000	c57bl/6						MUS_MUSCULUS	NextSeq 500 (NextSeq500)	True	381	Tximport	v1.25.8-hotfix				SRA		mouse hippocampus region		Nucleus from Hippocampus brain region Young2_S90_L001_R1		4.0	week
SRR4040952	SRP082327	4.000	c57bl/6						MUS_MUSCULUS	NextSeq 500 (NextSeq500)	True	381	Tximport	v1.25.8-hotfix				SRA		mouse hippocampus region		Nucleus from Hippocampus brain region Young2_S91_L001_R1		4.0	week
SRR4040953	SRP082327	4.000	c57bl/6						MUS_MUSCULUS	NextSeq 500 (NextSeq500)	True	381	Tximport	v1.25.8-hotfix				SRA		mouse hippocampus region		Nucleus from Hippocampus brain region Young2_S92_L001_R1		4.0	week
SRR4040954	SRP082327	4.000	c57bl/6						MUS_MUSCULUS	NextSeq 500 (NextSeq500)	True	381	Tximport	v1.25.8-hotfix				SRA		mouse hippocampus region		Nucleus from Hippocampus brain region Young2_S94_L001_R1		4.0	week
SRR4040955	SRP082327	4.000	c57bl/6						MUS_MUSCULUS	NextSeq 500 (NextSeq500)	True	381	Tximport	v1.25.8-hotfix				SRA		mouse hippocampus region		Nucleus from Hippocampus brain region Young2_S95_L001_R1		4.0	week
SRR4040956	SRP082327	2.000	c57bl/6						MUS_MUSCULUS	NextSeq 500 (NextSeq500)	True	381	Tximport	v1.25.8-hotfix				SRA		mouse hippocampus region		Nucleus from Hippocampus brain region Old1_S577_L001_R1		2.0	year
SRR4040957	SRP082327	2.000	c57bl/6						MUS_MUSCULUS	NextSeq 500 (NextSeq500)	True	381	Tximport	v1.25.8-hotfix				SRA		mouse hippocampus region		Nucleus from Hippocampus brain region Old1_S578_L001_R1		2.0	year
SRR4040958	SRP082327	2.000	c57bl/6						MUS_MUSCULUS	NextSeq 500 (NextSeq500)	True	381	Tximport	v1.25.8-hotfix				SRA		mouse hippocampus region		Nucleus from Hippocampus brain region Old1_S579_L001_R1		2.0	year
SRR4040959	SRP082327	2.000	c57bl/6						MUS_MUSCULUS	NextSeq 500 (NextSeq500)	True	381	Tximport	v1.25.8-hotfix				SRA		mouse hippocampus region		Nucleus from Hippocampus brain region Old1_S580_L001_R1		2.0	year
SRR4040960	SRP082327	2.000	c57bl/6						MUS_MUSCULUS	NextSeq 500 (NextSeq500)	True	381	Tximport	v1.25.8-hotfix				SRA		mouse hippocampus region		Nucleus from Hippocampus brain region Old1_S581_L001_R1		2.0	year
SRR4040961	SRP082327	2.000	c57bl/6						MUS_MUSCULUS	NextSeq 500 (NextSeq500)	True	381	Tximport	v1.25.8-hotfix				SRA		mouse hippocampus region		Nucleus from Hippocampus brain region Old1_S582_L001_R1		2.0	year
SRR4040962	SRP082327	2.000	c57bl/6						MUS_MUSCULUS	NextSeq 500 (NextSeq500)	True	381	Tximport	v1.25.8-hotfix				SRA		mouse hippocampus region		Nucleus from Hippocampus brain region Old1_S583_L001_R1		2.0	year
SRR4040963	SRP082327	2.000	c57bl/6						MUS_MUSCULUS	NextSeq 500 (NextSeq500)	True	381	Tximport	v1.25.8-hotfix				SRA		mouse hippocampus region		Nucleus from Hippocampus brain region Old1_S584_L001_R1		2.0	year
SRR4040964	SRP082327	2.000	c57bl/6						MUS_MUSCULUS	NextSeq 500 (NextSeq500)	True	381	Tximport	v1.25.8-hotfix				SRA		mouse hippocampus region		Nucleus from Hippocampus brain region Old1_S585_L001_R1		2.0	year
SRR4040965	SRP082327	2.000	c57bl/6						MUS_MUSCULUS	NextSeq 500 (NextSeq500)	True	381	Tximport	v1.25.8-hotfix				SRA		mouse hippocampus region		Nucleus from Hippocampus brain region Old1_S586_L001_R1		2.0	year
SRR4040966	SRP082327	2.000	c57bl/6						MUS_MUSCULUS	NextSeq 500 (NextSeq500)	True	381	Tximport	v1.25.8-hotfix				SRA		mouse hippocampus region		Nucleus from Hippocampus brain region Old1_S587_L001_R1		2.0	year
SRR4040967	SRP082327	2.000	c57bl/6						MUS_MUSCULUS	NextSeq 500 (NextSeq500)	True	381	Tximport	v1.25.8-hotfix				SRA		mouse hippocampus region		Nucleus from Hippocampus brain region Old1_S588_L001_R1		2.0	year
SRR4040968	SRP082327	2.000	c57bl/6						MUS_MUSCULUS	NextSeq 500 (NextSeq500)	True	381	Tximport	v1.25.8-hotfix				SRA		mouse hippocampus region		Nucleus from Hippocampus brain region Old1_S589_L001_R1		2.0	year
SRR4040969	SRP082327	2.000	c57bl/6						MUS_MUSCULUS	NextSeq 500 (NextSeq500)	True	381	Tximport	v1.25.8-hotfix				SRA		mouse hippocampus region		Nucleus from Hippocampus brain region Old1_S590_L001_R1		2.0	year
SRR4040970	SRP082327	2.000	c57bl/6						MUS_MUSCULUS	NextSeq 500 (NextSeq500)	True	381	Tximport	v1.25.8-hotfix				SRA		mouse hippocampus region		Nucleus from Hippocampus brain region Old1_S591_L001_R1		2.0	year
SRR4040971	SRP082327	2.000	c57bl/6						MUS_MUSCULUS	NextSeq 500 (NextSeq500)	True	381	Tximport	v1.25.8-hotfix				SRA		mouse hippocampus region		Nucleus from Hippocampus brain region Old1_S592_L001_R1		2.0	year
SRR4040972	SRP082327	2.000	c57bl/6						MUS_MUSCULUS	NextSeq 500 (NextSeq500)	True	381	Tximport	v1.25.8-hotfix				SRA		mouse hippocampus region		Nucleus from Hippocampus brain region Old1_S593_L001_R1		2.0	year
SRR4040973	SRP082327	2.000	c57bl/6						MUS_MUSCULUS	NextSeq 500 (NextSeq500)	True	381	Tximport	v1.25.8-hotfix				SRA		mouse hippocampus region		Nucleus from Hippocampus brain region Old1_S594_L001_R1		2.0	year
SRR4040974	SRP082327	2.000	c57bl/6						MUS_MUSCULUS	NextSeq 500 (NextSeq500)	True	381	Tximport	v1.25.8-hotfix				SRA		mouse hippocampus region		Nucleus from Hippocampus brain region Old1_S595_L001_R1		2.0	year
SRR4040975	SRP082327	2.000	c57bl/6						MUS_MUSCULUS	NextSeq 500 (NextSeq500)	True	381	Tximport	v1.25.8-hotfix				SRA		mouse hippocampus region		Nucleus from Hippocampus brain region Old1_S596_L001_R1		2.0	year
SRR4040976	SRP082327	2.000	c57bl/6						MUS_MUSCULUS	NextSeq 500 (NextSeq500)	True	381	Tximport	v1.25.8-hotfix				SRA		mouse hippocampus region		Nucleus from Hippocampus brain region Old1_S597_L001_R1		2.0	year
SRR4040977	SRP082327	2.000	c57bl/6						MUS_MUSCULUS	NextSeq 500 (NextSeq500)	True	381	Tximport	v1.25.8-hotfix				SRA		mouse hippocampus region		Nucleus from Hippocampus brain region Old1_S598_L001_R1		2.0	year
SRR4040978	SRP082327	2.000	c57bl/6						MUS_MUSCULUS	NextSeq 500 (NextSeq500)	True	381	Tximport	v1.25.8-hotfix				SRA		mouse hippocampus region		Nucleus from Hippocampus brain region Old1_S599_L001_R1		2.0	year
SRR4040979	SRP082327	2.000	c57bl/6						MUS_MUSCULUS	NextSeq 500 (NextSeq500)	True	381	Tximport	v1.25.8-hotfix				SRA		mouse hippocampus region		Nucleus from Hippocampus brain region Old1_S600_L001_R1		2.0	year
SRR4040980	SRP082327	2.000	c57bl/6						MUS_MUSCULUS	NextSeq 500 (NextSeq500)	True	381	Tximport	v1.25.8-hotfix				SRA		mouse hippocampus region		Nucleus from Hippocampus brain region Old1_S601_L001_R1		2.0	year
SRR4040981	SRP082327	2.000	c57bl/6						MUS_MUSCULUS	NextSeq 500 (NextSeq500)	True	381	Tximport	v1.25.8-hotfix				SRA		mouse hippocampus region		Nucleus from Hippocampus brain region Old1_S602_L001_R1		2.0	year
SRR4040982	SRP082327	2.000	c57bl/6						MUS_MUSCULUS	NextSeq 500 (NextSeq500)	True	381	Tximport	v1.25.8-hotfix				SRA		mouse hippocampus region		Nucleus from Hippocampus brain region Old1_S603_L001_R1		2.0	year
SRR4040983	SRP082327	2.000	c57bl/6						MUS_MUSCULUS	NextSeq 500 (NextSeq500)	True	381	Tximport	v1.25.8-hotfix				SRA		mouse hippocampus region		Nucleus from Hippocampus brain region Old1_S604_L001_R1		2.0	year
SRR4040984	SRP082327	2.000	c57bl/6						MUS_MUSCULUS	NextSeq 500 (NextSeq500)	True	381	Tximport	v1.25.8-hotfix				SRA		mouse hippocampus region		Nucleus from Hippocampus brain region Old1_S605_L001_R1		2.0	year
SRR4040985	SRP082327	2.000	c57bl/6						MUS_MUSCULUS	NextSeq 500 (NextSeq500)	True	381	Tximport	v1.25.8-hotfix				SRA		mouse hippocampus region		Nucleus from Hippocampus brain region Old1_S606_L001_R1		2.0	year
SRR4040986	SRP082327	2.000	c57bl/6						MUS_MUSCULUS	NextSeq 500 (NextSeq500)	True	381	Tximport	v1.25.8-hotfix				SRA		mouse hippocampus region		Nucleus from Hippocampus brain region Old1_S607_L001_R1		2.0	year
SRR4040987	SRP082327	2.000	c57bl/6						MUS_MUSCULUS	NextSeq 500 (NextSeq500)	True	381	Tximport	v1.25.8-hotfix				SRA		mouse hippocampus region		Nucleus from Hippocampus brain region Old1_S608_L001_R1		2.0	year
SRR4040988	SRP082327	2.000	c57bl/6						MUS_MUSCULUS	NextSeq 500 (NextSeq500)	True	381	Tximport	v1.25.8-hotfix				SRA		mouse hippocampus region		Nucleus from Hippocampus brain region Old1_S609_L001_R1		2.0	year
SRR4040989	SRP082327	2.000	c57bl/6						MUS_MUSCULUS	NextSeq 500 (NextSeq500)	True	381	Tximport	v1.25.8-hotfix				SRA		mouse hippocampus region		Nucleus from Hippocampus brain region Old1_S610_L001_R1		2.0	year
SRR4040990	SRP082327	2.000	c57bl/6						MUS_MUSCULUS	NextSeq 500 (NextSeq500)	True	381	Tximport	v1.25.8-hotfix				SRA		mouse hippocampus region		Nucleus from Hippocampus brain region Old1_S611_L001_R1		2.0	year
SRR4040991	SRP082327	2.000	c57bl/6						MUS_MUSCULUS	NextSeq 500 (NextSeq500)	True	381	Tximport	v1.25.8-hotfix				SRA		mouse hippocampus region		Nucleus from Hippocampus brain region Old1_S612_L001_R1		2.0	year
SRR4040992	SRP082327	2.000	c57bl/6						MUS_MUSCULUS	NextSeq 500 (NextSeq500)	True	381	Tximport	v1.25.8-hotfix				SRA		mouse hippocampus region		Nucleus from Hippocampus brain region Old1_S613_L001_R1		2.0	year
SRR4040993	SRP082327	2.000	c57bl/6						MUS_MUSCULUS	NextSeq 500 (NextSeq500)	True	381	Tximport	v1.25.8-hotfix				SRA		mouse hippocampus region		Nucleus from Hippocampus brain region Old1_S614_L001_R1		2.0	year
SRR4040994	SRP082327	2.000	c57bl/6						MUS_MUSCULUS	NextSeq 500 (NextSeq500)	True	381	Tximport	v1.25.8-hotfix				SRA		mouse hippocampus region		Nucleus from Hippocampus brain region Old1_S615_L001_R1		2.0	year
SRR4040995	SRP082327	2.000	c57bl/6						MUS_MUSCULUS	NextSeq 500 (NextSeq500)	True	381	Tximport	v1.25.8-hotfix				SRA		mouse hippocampus region		Nucleus from Hippocampus brain region Old1_S616_L001_R1		2.0	year
SRR4040996	SRP082327	2.000	c57bl/6						MUS_MUSCULUS	NextSeq 500 (NextSeq500)	True	381	Tximport	v1.25.8-hotfix				SRA		mouse hippocampus region		Nucleus from Hippocampus brain region Old1_S617_L001_R1		2.0	year
SRR4040997	SRP082327	2.000	c57bl/6						MUS_MUSCULUS	NextSeq 500 (NextSeq500)	True	381	Tximport	v1.25.8-hotfix				SRA		mouse hippocampus region		Nucleus from Hippocampus brain region Old1_S618_L001_R1		2.0	year
SRR4040998	SRP082327	2.000	c57bl/6						MUS_MUSCULUS	NextSeq 500 (NextSeq500)	True	381	Tximport	v1.25.8-hotfix				SRA		mouse hippocampus region		Nucleus from Hippocampus brain region Old1_S619_L001_R1		2.0	year
SRR4040999	SRP082327	2.000	c57bl/6						MUS_MUSCULUS	NextSeq 500 (NextSeq500)	True	381	Tximport	v1.25.8-hotfix				SRA		mouse hippocampus region		Nucleus from Hippocampus brain region Old1_S620_L001_R1		2.0	year
SRR4041000	SRP082327	2.000	c57bl/6						MUS_MUSCULUS	NextSeq 500 (NextSeq500)	True	381	Tximport	v1.25.8-hotfix				SRA		mouse hippocampus region		Nucleus from Hippocampus brain region Old1_S621_L001_R1		2.0	year
SRR4041001	SRP082327	2.000	c57bl/6						MUS_MUSCULUS	NextSeq 500 (NextSeq500)	True	381	Tximport	v1.25.8-hotfix				SRA		mouse hippocampus region		Nucleus from Hippocampus brain region Old1_S622_L001_R1		2.0	year
SRR4041002	SRP082327	2.000	c57bl/6						MUS_MUSCULUS	NextSeq 500 (NextSeq500)	True	381	Tximport	v1.25.8-hotfix				SRA		mouse hippocampus region		Nucleus from Hippocampus brain region Old1_S623_L001_R1		2.0	year
SRR4041003	SRP082327	2.000	c57bl/6						MUS_MUSCULUS	NextSeq 500 (NextSeq500)	True	381	Tximport	v1.25.8-hotfix				SRA		mouse hippocampus region		Nucleus from Hippocampus brain region Old1_S624_L001_R1		2.0	year
SRR4041004	SRP082327	2.000	c57bl/6						MUS_MUSCULUS	NextSeq 500 (NextSeq500)	True	381	Tximport	v1.25.8-hotfix				SRA		mouse hippocampus region		Nucleus from Hippocampus brain region Old1_S625_L001_R1		2.0	year
SRR4041005	SRP082327	2.000	c57bl/6						MUS_MUSCULUS	NextSeq 500 (NextSeq500)	True	381	Tximport	v1.25.8-hotfix				SRA		mouse hippocampus region		Nucleus from Hippocampus brain region Old1_S626_L001_R1		2.0	year
SRR4041006	SRP082327	2.000	c57bl/6						MUS_MUSCULUS	NextSeq 500 (NextSeq500)	True	381	Tximport	v1.25.8-hotfix				SRA		mouse hippocampus region		Nucleus from Hippocampus brain region Old1_S627_L001_R1		2.0	year
SRR4041007	SRP082327	2.000	c57bl/6						MUS_MUSCULUS	NextSeq 500 (NextSeq500)	True	381	Tximport	v1.25.8-hotfix				SRA		mouse hippocampus region		Nucleus from Hippocampus brain region Old1_S628_L001_R1		2.0	year
SRR4041008	SRP082327	2.000	c57bl/6						MUS_MUSCULUS	NextSeq 500 (NextSeq500)	True	381	Tximport	v1.25.8-hotfix				SRA		mouse hippocampus region		Nucleus from Hippocampus brain region Old1_S629_L001_R1		2.0	year
SRR4041009	SRP082327	2.000	c57bl/6						MUS_MUSCULUS	NextSeq 500 (NextSeq500)	True	381	Tximport	v1.25.8-hotfix				SRA		mouse hippocampus region		Nucleus from Hippocampus brain region Old1_S630_L001_R1		2.0	year
SRR4041010	SRP082327	2.000	c57bl/6						MUS_MUSCULUS	NextSeq 500 (NextSeq500)	True	381	Tximport	v1.25.8-hotfix				SRA		mouse hippocampus region		Nucleus from Hippocampus brain region Old1_S631_L001_R1		2.0	year
SRR4041011	SRP082327	2.000	c57bl/6						MUS_MUSCULUS	NextSeq 500 (NextSeq500)	True	381	Tximport	v1.25.8-hotfix				SRA		mouse hippocampus region		Nucleus from Hippocampus brain region Old1_S632_L001_R1		2.0	year
SRR4041012	SRP082327	2.000	c57bl/6						MUS_MUSCULUS	NextSeq 500 (NextSeq500)	True	381	Tximport	v1.25.8-hotfix				SRA		mouse hippocampus region		Nucleus from Hippocampus brain region Old1_S633_L001_R1		2.0	year
SRR4041013	SRP082327	2.000	c57bl/6						MUS_MUSCULUS	NextSeq 500 (NextSeq500)	True	381	Tximport	v1.25.8-hotfix				SRA		mouse hippocampus region		Nucleus from Hippocampus brain region Old1_S634_L001_R1		2.0	year
SRR4041014	SRP082327	2.000	c57bl/6						MUS_MUSCULUS	NextSeq 500 (NextSeq500)	True	381	Tximport	v1.25.8-hotfix				SRA		mouse hippocampus region		Nucleus from Hippocampus brain region Old1_S635_L001_R1		2.0	year
SRR4041015	SRP082327	2.000	c57bl/6						MUS_MUSCULUS	NextSeq 500 (NextSeq500)	True	381	Tximport	v1.25.8-hotfix				SRA		mouse hippocampus region		Nucleus from Hippocampus brain region Old1_S636_L001_R1		2.0	year
SRR4041016	SRP082327	2.000	c57bl/6						MUS_MUSCULUS	NextSeq 500 (NextSeq500)	True	381	Tximport	v1.25.8-hotfix				SRA		mouse hippocampus region		Nucleus from Hippocampus brain region Old1_S637_L001_R1		2.0	year
SRR4041017	SRP082327	2.000	c57bl/6						MUS_MUSCULUS	NextSeq 500 (NextSeq500)	True	381	Tximport	v1.25.8-hotfix				SRA		mouse hippocampus region		Nucleus from Hippocampus brain region Old1_S638_L001_R1		2.0	year
SRR4041018	SRP082327	2.000	c57bl/6						MUS_MUSCULUS	NextSeq 500 (NextSeq500)	True	381	Tximport	v1.25.8-hotfix				SRA		mouse hippocampus region		Nucleus from Hippocampus brain region Old1_S639_L001_R1		2.0	year
SRR4041019	SRP082327	2.000	c57bl/6						MUS_MUSCULUS	NextSeq 500 (NextSeq500)	True	381	Tximport	v1.25.8-hotfix				SRA		mouse hippocampus region		Nucleus from Hippocampus brain region Old2-P2-DG-150211_S673_L001_R1		2.0	year
SRR4041020	SRP082327	2.000	c57bl/6						MUS_MUSCULUS	NextSeq 500 (NextSeq500)	True	381	Tximport	v1.25.8-hotfix				SRA		mouse hippocampus region		Nucleus from Hippocampus brain region Old2-P2-DG-150211_S674_L001_R1		2.0	year
SRR4041021	SRP082327	2.000	c57bl/6						MUS_MUSCULUS	NextSeq 500 (NextSeq500)	True	381	Tximport	v1.25.8-hotfix				SRA		mouse hippocampus region		Nucleus from Hippocampus brain region Old2-P2-DG-150211_S675_L001_R1		2.0	year
SRR4041022	SRP082327	2.000	c57bl/6						MUS_MUSCULUS	NextSeq 500 (NextSeq500)	True	381	Tximport	v1.25.8-hotfix				SRA		mouse hippocampus region		Nucleus from Hippocampus brain region Old2-P2-DG-150211_S676_L001_R1		2.0	year
SRR4041023	SRP082327	2.000	c57bl/6						MUS_MUSCULUS	NextSeq 500 (NextSeq500)	True	381	Tximport	v1.25.8-hotfix				SRA		mouse hippocampus region		Nucleus from Hippocampus brain region Old2-P2-DG-150211_S677_L001_R1		2.0	year
SRR4041024	SRP082327	2.000	c57bl/6						MUS_MUSCULUS	NextSeq 500 (NextSeq500)	True	381	Tximport	v1.25.8-hotfix				SRA		mouse hippocampus region		Nucleus from Hippocampus brain region Old2-P2-DG-150211_S678_L001_R1		2.0	year
SRR4041025	SRP082327	2.000	c57bl/6						MUS_MUSCULUS	NextSeq 500 (NextSeq500)	True	381	Tximport	v1.25.8-hotfix				SRA		mouse hippocampus region		Nucleus from Hippocampus brain region Old2-P2-DG-150211_S679_L001_R1		2.0	year
SRR4041026	SRP082327	2.000	c57bl/6						MUS_MUSCULUS	NextSeq 500 (NextSeq500)	True	381	Tximport	v1.25.8-hotfix				SRA		mouse hippocampus region		Nucleus from Hippocampus brain region Old2-P2-DG-150211_S680_L001_R1		2.0	year
SRR4041027	SRP082327	2.000	c57bl/6						MUS_MUSCULUS	NextSeq 500 (NextSeq500)	True	381	Tximport	v1.25.8-hotfix				SRA		mouse hippocampus region		Nucleus from Hippocampus brain region Old2-P2-DG-150211_S681_L001_R1		2.0	year
SRR4041028	SRP082327	2.000	c57bl/6						MUS_MUSCULUS	NextSeq 500 (NextSeq500)	True	381	Tximport	v1.25.8-hotfix				SRA		mouse hippocampus region		Nucleus from Hippocampus brain region Old2-P2-DG-150211_S682_L001_R1		2.0	year
SRR4041029	SRP082327	2.000	c57bl/6						MUS_MUSCULUS	NextSeq 500 (NextSeq500)	True	381	Tximport	v1.25.8-hotfix				SRA		mouse hippocampus region		Nucleus from Hippocampus brain region Old2-P2-DG-150211_S683_L001_R1		2.0	year
SRR4041030	SRP082327	2.000	c57bl/6						MUS_MUSCULUS	NextSeq 500 (NextSeq500)	True	381	Tximport	v1.25.8-hotfix				SRA		mouse hippocampus region		Nucleus from Hippocampus brain region Old2-P2-DG-150211_S684_L001_R1		2.0	year
SRR4041031	SRP082327	2.000	c57bl/6						MUS_MUSCULUS	NextSeq 500 (NextSeq500)	True	381	Tximport	v1.25.8-hotfix				SRA		mouse hippocampus region		Nucleus from Hippocampus brain region Old2-P2-DG-150211_S685_L001_R1		2.0	year
SRR4041032	SRP082327	2.000	c57bl/6						MUS_MUSCULUS	NextSeq 500 (NextSeq500)	True	381	Tximport	v1.25.8-hotfix				SRA		mouse hippocampus region		Nucleus from Hippocampus brain region Old2-P2-DG-150211_S686_L001_R1		2.0	year
SRR4041033	SRP082327	2.000	c57bl/6						MUS_MUSCULUS	NextSeq 500 (NextSeq500)	True	381	Tximport	v1.25.8-hotfix				SRA		mouse hippocampus region		Nucleus from Hippocampus brain region Old2-P2-DG-150211_S687_L001_R1		2.0	year
SRR4041034	SRP082327	2.000	c57bl/6						MUS_MUSCULUS	NextSeq 500 (NextSeq500)	True	381	Tximport	v1.25.8-hotfix				SRA		mouse hippocampus region		Nucleus from Hippocampus brain region Old2-P2-DG-150211_S688_L001_R1		2.0	year
SRR4041035	SRP082327	2.000	c57bl/6						MUS_MUSCULUS	NextSeq 500 (NextSeq500)	True	381	Tximport	v1.25.8-hotfix				SRA		mouse hippocampus region		Nucleus from Hippocampus brain region Old2-P2-DG-150211_S689_L001_R1		2.0	year
SRR4041036	SRP082327	2.000	c57bl/6						MUS_MUSCULUS	NextSeq 500 (NextSeq500)	True	381	Tximport	v1.25.8-hotfix				SRA		mouse hippocampus region		Nucleus from Hippocampus brain region Old2-P2-DG-150211_S690_L001_R1		2.0	year
SRR4041037	SRP082327	2.000	c57bl/6						MUS_MUSCULUS	NextSeq 500 (NextSeq500)	True	381	Tximport	v1.25.8-hotfix				SRA		mouse hippocampus region		Nucleus from Hippocampus brain region Old2-P2-DG-150211_S691_L001_R1		2.0	year
SRR4041038	SRP082327	2.000	c57bl/6						MUS_MUSCULUS	NextSeq 500 (NextSeq500)	True	381	Tximport	v1.25.8-hotfix				SRA		mouse hippocampus region		Nucleus from Hippocampus brain region Old2-P2-DG-150211_S692_L001_R1		2.0	year
SRR4041039	SRP082327	2.000	c57bl/6						MUS_MUSCULUS	NextSeq 500 (NextSeq500)	True	381	Tximport	v1.25.8-hotfix				SRA		mouse hippocampus region		Nucleus from Hippocampus brain region Old2-P2-DG-150211_S693_L001_R1		2.0	year
SRR4041040	SRP082327	2.000	c57bl/6						MUS_MUSCULUS	NextSeq 500 (NextSeq500)	True	381	Tximport	v1.25.8-hotfix				SRA		mouse hippocampus region		Nucleus from Hippocampus brain region Old2-P2-DG-150211_S694_L001_R1		2.0	year
SRR4041041	SRP082327	2.000	c57bl/6						MUS_MUSCULUS	NextSeq 500 (NextSeq500)	True	381	Tximport	v1.25.8-hotfix				SRA		mouse hippocampus region		Nucleus from Hippocampus brain region Old2-P2-DG-150211_S695_L001_R1		2.0	year
SRR4041042	SRP082327	2.000	c57bl/6						MUS_MUSCULUS	NextSeq 500 (NextSeq500)	True	381	Tximport	v1.25.8-hotfix				SRA		mouse hippocampus region		Nucleus from Hippocampus brain region Old2-P2-DG-150211_S696_L001_R1		2.0	year
SRR4041043	SRP082327	2.000	c57bl/6						MUS_MUSCULUS	NextSeq 500 (NextSeq500)	True	381	Tximport	v1.25.8-hotfix				SRA		mouse hippocampus region		Nucleus from Hippocampus brain region Old2-P2-DG-150211_S709_L001_R1		2.0	year
SRR4041044	SRP082327	2.000	c57bl/6						MUS_MUSCULUS	NextSeq 500 (NextSeq500)	True	381	Tximport	v1.25.8-hotfix				SRA		mouse hippocampus region		Nucleus from Hippocampus brain region Old2-P2-DG-150211_S710_L001_R1		2.0	year
SRR4041045	SRP082327	2.000	c57bl/6						MUS_MUSCULUS	NextSeq 500 (NextSeq500)	True	381	Tximport	v1.25.8-hotfix				SRA		mouse hippocampus region		Nucleus from Hippocampus brain region Old2-P2-DG-150211_S711_L001_R1		2.0	year
SRR4041046	SRP082327	2.000	c57bl/6						MUS_MUSCULUS	NextSeq 500 (NextSeq500)	True	381	Tximport	v1.25.8-hotfix				SRA		mouse hippocampus region		Nucleus from Hippocampus brain region Old2-P2-DG-150211_S712_L001_R1		2.0	year
SRR4041047	SRP082327	2.000	c57bl/6						MUS_MUSCULUS	NextSeq 500 (NextSeq500)	True	381	Tximport	v1.25.8-hotfix				SRA		mouse hippocampus region		Nucleus from Hippocampus brain region Old2-P2-DG-150211_S713_L001_R1		2.0	year
SRR4041048	SRP082327	2.000	c57bl/6						MUS_MUSCULUS	NextSeq 500 (NextSeq500)	True	381	Tximport	v1.25.8-hotfix				SRA		mouse hippocampus region		Nucleus from Hippocampus brain region Old2-P2-DG-150211_S714_L001_R1		2.0	year
SRR4041049	SRP082327	2.000	c57bl/6						MUS_MUSCULUS	NextSeq 500 (NextSeq500)	True	381	Tximport	v1.25.8-hotfix				SRA		mouse hippocampus region		Nucleus from Hippocampus brain region Old2-P2-DG-150211_S715_L001_R1		2.0	year
SRR4041050	SRP082327	2.000	c57bl/6						MUS_MUSCULUS	NextSeq 500 (NextSeq500)	True	381	Tximport	v1.25.8-hotfix				SRA		mouse hippocampus region		Nucleus from Hippocampus brain region Old2-P2-DG-150211_S716_L001_R1		2.0	year
SRR4041051	SRP082327	2.000	c57bl/6						MUS_MUSCULUS	NextSeq 500 (NextSeq500)	True	381	Tximport	v1.25.8-hotfix				SRA		mouse hippocampus region		Nucleus from Hippocampus brain region Old2-P2-DG-150211_S717_L001_R1		2.0	year
SRR4041052	SRP082327	2.000	c57bl/6						MUS_MUSCULUS	NextSeq 500 (NextSeq500)	True	381	Tximport	v1.25.8-hotfix				SRA		mouse hippocampus region		Nucleus from Hippocampus brain region Old2-P2-DG-150211_S718_L001_R1		2.0	year
SRR4041053	SRP082327	2.000	c57bl/6						MUS_MUSCULUS	NextSeq 500 (NextSeq500)	True	381	Tximport	v1.25.8-hotfix				SRA		mouse hippocampus region		Nucleus from Hippocampus brain region Old2-P2-DG-150211_S719_L001_R1		2.0	year
SRR4041054	SRP082327	2.000	c57bl/6						MUS_MUSCULUS	NextSeq 500 (NextSeq500)	True	381	Tximport	v1.25.8-hotfix				SRA		mouse hippocampus region		Nucleus from Hippocampus brain region Old2-P2-DG-150211_S720_L001_R1		2.0	year
SRR4041055	SRP082327	2.000	c57bl/6						MUS_MUSCULUS	NextSeq 500 (NextSeq500)	True	381	Tximport	v1.25.8-hotfix				SRA		mouse hippocampus region		Nucleus from Hippocampus brain region Old2-P2-DG-150211_S721_L001_R1		2.0	year
SRR4041056	SRP082327	2.000	c57bl/6						MUS_MUSCULUS	NextSeq 500 (NextSeq500)	True	381	Tximport	v1.25.8-hotfix				SRA		mouse hippocampus region		Nucleus from Hippocampus brain region Old2-P2-DG-150211_S722_L001_R1		2.0	year
SRR4041057	SRP082327	2.000	c57bl/6						MUS_MUSCULUS	NextSeq 500 (NextSeq500)	True	381	Tximport	v1.25.8-hotfix				SRA		mouse hippocampus region		Nucleus from Hippocampus brain region Old2-P2-DG-150211_S723_L001_R1		2.0	year
SRR4041058	SRP082327	2.000	c57bl/6						MUS_MUSCULUS	NextSeq 500 (NextSeq500)	True	381	Tximport	v1.25.8-hotfix				SRA		mouse hippocampus region		Nucleus from Hippocampus brain region Old2-P2-DG-150211_S724_L001_R1		2.0	year
SRR4041059	SRP082327	2.000	c57bl/6						MUS_MUSCULUS	NextSeq 500 (NextSeq500)	True	381	Tximport	v1.25.8-hotfix				SRA		mouse hippocampus region		Nucleus from Hippocampus brain region Old2-P2-DG-150211_S725_L001_R1		2.0	year
SRR4041060	SRP082327	2.000	c57bl/6						MUS_MUSCULUS	NextSeq 500 (NextSeq500)	True	381	Tximport	v1.25.8-hotfix				SRA		mouse hippocampus region		Nucleus from Hippocampus brain region Old2-P2-DG-150211_S726_L001_R1		2.0	year
SRR4041061	SRP082327	2.000	c57bl/6						MUS_MUSCULUS	NextSeq 500 (NextSeq500)	True	381	Tximport	v1.25.8-hotfix				SRA		mouse hippocampus region		Nucleus from Hippocampus brain region Old2-P2-DG-150211_S727_L001_R1		2.0	year
SRR4041062	SRP082327	2.000	c57bl/6						MUS_MUSCULUS	NextSeq 500 (NextSeq500)	True	381	Tximport	v1.25.8-hotfix				SRA		mouse hippocampus region		Nucleus from Hippocampus brain region Old2-P2-DG-150211_S728_L001_R1		2.0	year
SRR4041063	SRP082327	2.000	c57bl/6						MUS_MUSCULUS	NextSeq 500 (NextSeq500)	True	381	Tximport	v1.25.8-hotfix				SRA		mouse hippocampus region		Nucleus from Hippocampus brain region Old2-P2-DG-150211_S729_L001_R1		2.0	year
SRR4041064	SRP082327	2.000	c57bl/6						MUS_MUSCULUS	NextSeq 500 (NextSeq500)	True	381	Tximport	v1.25.8-hotfix				SRA		mouse hippocampus region		Nucleus from Hippocampus brain region Old2-P2-DG-150211_S730_L001_R1		2.0	year
SRR4041065	SRP082327	2.000	c57bl/6						MUS_MUSCULUS	NextSeq 500 (NextSeq500)	True	381	Tximport	v1.25.8-hotfix				SRA		mouse hippocampus region		Nucleus from Hippocampus brain region Old2-P2-DG-150211_S731_L001_R1		2.0	year
SRR4041066	SRP082327	2.000	c57bl/6						MUS_MUSCULUS	NextSeq 500 (NextSeq500)	True	381	Tximport	v1.25.8-hotfix				SRA		mouse hippocampus region		Nucleus from Hippocampus brain region Old2-P2-DG-150211_S732_L001_R1		2.0	year
SRR4041067	SRP082327	2.000	c57bl/6						MUS_MUSCULUS	NextSeq 500 (NextSeq500)	True	381	Tximport	v1.25.8-hotfix				SRA		mouse hippocampus region		Nucleus from Hippocampus brain region Old2-P2-DG-150211_S733_L001_R1		2.0	year
SRR4041068	SRP082327	2.000	c57bl/6						MUS_MUSCULUS	NextSeq 500 (NextSeq500)	True	381	Tximport	v1.25.8-hotfix				SRA		mouse hippocampus region		Nucleus from Hippocampus brain region Old2-P2-DG-150211_S734_L001_R1		2.0	year
SRR4041069	SRP082327	2.000	c57bl/6						MUS_MUSCULUS	NextSeq 500 (NextSeq500)	True	381	Tximport	v1.25.8-hotfix				SRA		mouse hippocampus region		Nucleus from Hippocampus brain region Old2-P2-DG-150211_S735_L001_R1		2.0	year
SRR4041070	SRP082327	2.000	c57bl/6						MUS_MUSCULUS	NextSeq 500 (NextSeq500)	True	381	Tximport	v1.25.8-hotfix				SRA		mouse hippocampus region		Nucleus from Hippocampus brain region Old2-P2-DG-150211_S736_L001_R1		2.0	year
SRR4041071	SRP082327	2.000	c57bl/6						MUS_MUSCULUS	NextSeq 500 (NextSeq500)	True	381	Tximport	v1.25.8-hotfix				SRA		mouse hippocampus region		Nucleus from Hippocampus brain region Old2-P2-DG-150211_S738_L001_R1		2.0	year
SRR4041072	SRP082327	2.000	c57bl/6						MUS_MUSCULUS	NextSeq 500 (NextSeq500)	True	381	Tximport	v1.25.8-hotfix				SRA		mouse hippocampus region		Nucleus from Hippocampus brain region Old2-P2-DG-150211_S739_L001_R1		2.0	year
SRR4041073	SRP082327	2.000	c57bl/6						MUS_MUSCULUS	NextSeq 500 (NextSeq500)	True	381	Tximport	v1.25.8-hotfix				SRA		mouse hippocampus region		Nucleus from Hippocampus brain region Old2-P2-DG-150211_S740_L001_R1		2.0	year
SRR4041074	SRP082327	2.000	c57bl/6						MUS_MUSCULUS	NextSeq 500 (NextSeq500)	True	381	Tximport	v1.25.8-hotfix				SRA		mouse hippocampus region		Nucleus from Hippocampus brain region Old2-P2-DG-150211_S741_L001_R1		2.0	year
SRR4041075	SRP082327	2.000	c57bl/6						MUS_MUSCULUS	NextSeq 500 (NextSeq500)	True	381	Tximport	v1.25.8-hotfix				SRA		mouse hippocampus region		Nucleus from Hippocampus brain region Old2-P2-DG-150211_S742_L001_R1		2.0	year
SRR4041076	SRP082327	2.000	c57bl/6						MUS_MUSCULUS	NextSeq 500 (NextSeq500)	True	381	Tximport	v1.25.8-hotfix				SRA		mouse hippocampus region		Nucleus from Hippocampus brain region Old2-P2-DG-150211_S743_L001_R1		2.0	year
SRR4041077	SRP082327	2.000	c57bl/6						MUS_MUSCULUS	NextSeq 500 (NextSeq500)	True	381	Tximport	v1.25.8-hotfix				SRA		mouse hippocampus region		Nucleus from Hippocampus brain region Old2-P2-DG-150211_S744_L001_R1		2.0	year
SRR4041078	SRP082327	2.000	c57bl/6						MUS_MUSCULUS	NextSeq 500 (NextSeq500)	True	381	Tximport	v1.25.8-hotfix				SRA		mouse hippocampus region		Nucleus from Hippocampus brain region Old2-P2-DG-150211_S745_L001_R1		2.0	year
SRR4041079	SRP082327	2.000	c57bl/6						MUS_MUSCULUS	NextSeq 500 (NextSeq500)	True	381	Tximport	v1.25.8-hotfix				SRA		mouse hippocampus region		Nucleus from Hippocampus brain region Old2-P2-DG-150211_S746_L001_R1		2.0	year
SRR4041080	SRP082327	2.000	c57bl/6						MUS_MUSCULUS	NextSeq 500 (NextSeq500)	True	381	Tximport	v1.25.8-hotfix				SRA		mouse hippocampus region		Nucleus from Hippocampus brain region Old2-P2-DG-150211_S747_L001_R1		2.0	year
SRR4041081	SRP082327	2.000	c57bl/6						MUS_MUSCULUS	NextSeq 500 (NextSeq500)	True	381	Tximport	v1.25.8-hotfix				SRA		mouse hippocampus region		Nucleus from Hippocampus brain region Old2-P2-DG-150211_S748_L001_R1		2.0	year
SRR4041082	SRP082327	2.000	c57bl/6						MUS_MUSCULUS	NextSeq 500 (NextSeq500)	True	381	Tximport	v1.25.8-hotfix				SRA		mouse hippocampus region		Nucleus from Hippocampus brain region Old2-P2-DG-150211_S749_L001_R1		2.0	year
SRR4041083	SRP082327	2.000	c57bl/6						MUS_MUSCULUS	NextSeq 500 (NextSeq500)	True	381	Tximport	v1.25.8-hotfix				SRA		mouse hippocampus region		Nucleus from Hippocampus brain region Old2-P2-DG-150211_S750_L001_R1		2.0	year
SRR4041084	SRP082327	2.000	c57bl/6						MUS_MUSCULUS	NextSeq 500 (NextSeq500)	True	381	Tximport	v1.25.8-hotfix				SRA		mouse hippocampus region		Nucleus from Hippocampus brain region Old2-P2-DG-150211_S751_L001_R1		2.0	year
SRR4041085	SRP082327	2.000	c57bl/6						MUS_MUSCULUS	NextSeq 500 (NextSeq500)	True	381	Tximport	v1.25.8-hotfix				SRA		mouse hippocampus region		Nucleus from Hippocampus brain region Old2-P2-DG-150211_S752_L001_R1		2.0	year
SRR4041086	SRP082327	2.000	c57bl/6						MUS_MUSCULUS	NextSeq 500 (NextSeq500)	True	381	Tximport	v1.25.8-hotfix				SRA		mouse hippocampus region		Nucleus from Hippocampus brain region Old2-P2-DG-150211_S753_L001_R1		2.0	year
SRR4041087	SRP082327	2.000	c57bl/6						MUS_MUSCULUS	NextSeq 500 (NextSeq500)	True	381	Tximport	v1.25.8-hotfix				SRA		mouse hippocampus region		Nucleus from Hippocampus brain region Old2-P2-DG-150211_S754_L001_R1		2.0	year
SRR4041088	SRP082327	2.000	c57bl/6						MUS_MUSCULUS	NextSeq 500 (NextSeq500)	True	381	Tximport	v1.25.8-hotfix				SRA		mouse hippocampus region		Nucleus from Hippocampus brain region Old2-P2-DG-150211_S757_L001_R1		2.0	year
SRR4041089	SRP082327	2.000	c57bl/6						MUS_MUSCULUS	NextSeq 500 (NextSeq500)	True	381	Tximport	v1.25.8-hotfix				SRA		mouse hippocampus region		Nucleus from Hippocampus brain region Old2-P2-DG-150211_S758_L001_R1		2.0	year
SRR4041090	SRP082327	2.000	c57bl/6						MUS_MUSCULUS	NextSeq 500 (NextSeq500)	True	381	Tximport	v1.25.8-hotfix				SRA		mouse hippocampus region		Nucleus from Hippocampus brain region Old2-P2-DG-150211_S760_L001_R1		2.0	year
SRR4041091	SRP082327	12.000	vgat-cre, slc32a1tm2(cre)lowl						MUS_MUSCULUS	NextSeq 500 (NextSeq500)	True	381	Tximport	v1.25.8-hotfix				SRA		mouse hippocampus region		Nucleus from Hippocampus brain region A1-CA123-VGAT-GFP_S385_L001_R1		12.0	week
SRR4041092	SRP082327	12.000	vgat-cre, slc32a1tm2(cre)lowl						MUS_MUSCULUS	NextSeq 500 (NextSeq500)	True	381	Tximport	v1.25.8-hotfix				SRA		mouse hippocampus region		Nucleus from Hippocampus brain region A1-CA123-VGAT-GFP_S386_L001_R1		12.0	week
SRR4041093	SRP082327	12.000	vgat-cre, slc32a1tm2(cre)lowl						MUS_MUSCULUS	NextSeq 500 (NextSeq500)	True	381	Tximport	v1.25.8-hotfix				SRA		mouse hippocampus region		Nucleus from Hippocampus brain region A1-CA123-VGAT-GFP_S387_L001_R1		12.0	week
SRR4041094	SRP082327	12.000	vgat-cre, slc32a1tm2(cre)lowl						MUS_MUSCULUS	NextSeq 500 (NextSeq500)	True	381	Tximport	v1.25.8-hotfix				SRA		mouse hippocampus region		Nucleus from Hippocampus brain region A1-CA123-VGAT-GFP_S388_L001_R1		12.0	week
SRR4041095	SRP082327	12.000	vgat-cre, slc32a1tm2(cre)lowl						MUS_MUSCULUS	NextSeq 500 (NextSeq500)	True	381	Tximport	v1.25.8-hotfix				SRA		mouse hippocampus region		Nucleus from Hippocampus brain region A1-CA123-VGAT-GFP_S389_L001_R1		12.0	week
SRR4041096	SRP082327	12.000	vgat-cre, slc32a1tm2(cre)lowl						MUS_MUSCULUS	NextSeq 500 (NextSeq500)	True	381	Tximport	v1.25.8-hotfix				SRA		mouse hippocampus region		Nucleus from Hippocampus brain region A1-CA123-VGAT-GFP_S390_L001_R1		12.0	week
SRR4041097	SRP082327	12.000	vgat-cre, slc32a1tm2(cre)lowl						MUS_MUSCULUS	NextSeq 500 (NextSeq500)	True	381	Tximport	v1.25.8-hotfix				SRA		mouse hippocampus region		Nucleus from Hippocampus brain region A1-CA123-VGAT-GFP_S391_L001_R1		12.0	week
SRR4041098	SRP082327	12.000	vgat-cre, slc32a1tm2(cre)lowl						MUS_MUSCULUS	NextSeq 500 (NextSeq500)	True	381	Tximport	v1.25.8-hotfix				SRA		mouse hippocampus region		Nucleus from Hippocampus brain region A1-CA123-VGAT-GFP_S393_L001_R1		12.0	week
SRR4041099	SRP082327	12.000	vgat-cre, slc32a1tm2(cre)lowl						MUS_MUSCULUS	NextSeq 500 (NextSeq500)	True	381	Tximport	v1.25.8-hotfix				SRA		mouse hippocampus region		Nucleus from Hippocampus brain region A1-CA123-VGAT-GFP_S394_L001_R1		12.0	week
SRR4041100	SRP082327	12.000	vgat-cre, slc32a1tm2(cre)lowl						MUS_MUSCULUS	NextSeq 500 (NextSeq500)	True	381	Tximport	v1.25.8-hotfix				SRA		mouse hippocampus region		Nucleus from Hippocampus brain region A1-CA123-VGAT-GFP_S395_L001_R1		12.0	week
SRR4041101	SRP082327	12.000	vgat-cre, slc32a1tm2(cre)lowl						MUS_MUSCULUS	NextSeq 500 (NextSeq500)	True	381	Tximport	v1.25.8-hotfix				SRA		mouse hippocampus region		Nucleus from Hippocampus brain region A1-CA123-VGAT-GFP_S397_L001_R1		12.0	week
SRR4041102	SRP082327	12.000	vgat-cre, slc32a1tm2(cre)lowl						MUS_MUSCULUS	NextSeq 500 (NextSeq500)	True	381	Tximport	v1.25.8-hotfix				SRA		mouse hippocampus region		Nucleus from Hippocampus brain region A1-CA123-VGAT-GFP_S398_L001_R1		12.0	week
SRR4041103	SRP082327	12.000	vgat-cre, slc32a1tm2(cre)lowl						MUS_MUSCULUS	NextSeq 500 (NextSeq500)	True	381	Tximport	v1.25.8-hotfix				SRA		mouse hippocampus region		Nucleus from Hippocampus brain region A1-CA123-VGAT-GFP_S399_L001_R1		12.0	week
SRR4041104	SRP082327	12.000	vgat-cre, slc32a1tm2(cre)lowl						MUS_MUSCULUS	NextSeq 500 (NextSeq500)	True	381	Tximport	v1.25.8-hotfix				SRA		mouse hippocampus region		Nucleus from Hippocampus brain region A1-CA123-VGAT-GFP_S400_L001_R1		12.0	week
SRR4041105	SRP082327	12.000	vgat-cre, slc32a1tm2(cre)lowl						MUS_MUSCULUS	NextSeq 500 (NextSeq500)	True	381	Tximport	v1.25.8-hotfix				SRA		mouse hippocampus region		Nucleus from Hippocampus brain region A1-CA123-VGAT-GFP_S401_L001_R1		12.0	week
SRR4041106	SRP082327	12.000	vgat-cre, slc32a1tm2(cre)lowl						MUS_MUSCULUS	NextSeq 500 (NextSeq500)	True	381	Tximport	v1.25.8-hotfix				SRA		mouse hippocampus region		Nucleus from Hippocampus brain region A1-CA123-VGAT-GFP_S402_L001_R1		12.0	week
SRR4041107	SRP082327	12.000	vgat-cre, slc32a1tm2(cre)lowl						MUS_MUSCULUS	NextSeq 500 (NextSeq500)	True	381	Tximport	v1.25.8-hotfix				SRA		mouse hippocampus region		Nucleus from Hippocampus brain region A1-CA123-VGAT-GFP_S403_L001_R1		12.0	week
SRR4041108	SRP082327	12.000	vgat-cre, slc32a1tm2(cre)lowl						MUS_MUSCULUS	NextSeq 500 (NextSeq500)	True	381	Tximport	v1.25.8-hotfix				SRA		mouse hippocampus region		Nucleus from Hippocampus brain region A1-CA123-VGAT-GFP_S404_L001_R1		12.0	week
SRR4041109	SRP082327	12.000	vgat-cre, slc32a1tm2(cre)lowl						MUS_MUSCULUS	NextSeq 500 (NextSeq500)	True	381	Tximport	v1.25.8-hotfix				SRA		mouse hippocampus region		Nucleus from Hippocampus brain region A1-CA123-VGAT-GFP_S405_L001_R1		12.0	week
SRR4041110	SRP082327	12.000	vgat-cre, slc32a1tm2(cre)lowl						MUS_MUSCULUS	NextSeq 500 (NextSeq500)	True	381	Tximport	v1.25.8-hotfix				SRA		mouse hippocampus region		Nucleus from Hippocampus brain region A1-CA123-VGAT-GFP_S406_L001_R1		12.0	week
SRR4041111	SRP082327	12.000	vgat-cre, slc32a1tm2(cre)lowl						MUS_MUSCULUS	NextSeq 500 (NextSeq500)	True	381	Tximport	v1.25.8-hotfix				SRA		mouse hippocampus region		Nucleus from Hippocampus brain region A1-CA123-VGAT-GFP_S407_L001_R1		12.0	week
SRR4041112	SRP082327	12.000	vgat-cre, slc32a1tm2(cre)lowl						MUS_MUSCULUS	NextSeq 500 (NextSeq500)	True	381	Tximport	v1.25.8-hotfix				SRA		mouse hippocampus region		Nucleus from Hippocampus brain region A1-CA123-VGAT-GFP_S408_L001_R1		12.0	week
SRR4041113	SRP082327	12.000	vgat-cre, slc32a1tm2(cre)lowl						MUS_MUSCULUS	NextSeq 500 (NextSeq500)	True	381	Tximport	v1.25.8-hotfix				SRA		mouse hippocampus region		Nucleus from Hippocampus brain region VGAT-A1-P1-DG_S11_L001_R1		12.0	week
SRR4041114	SRP082327	12.000	vgat-cre, slc32a1tm2(cre)lowl						MUS_MUSCULUS	NextSeq 500 (NextSeq500)	True	381	Tximport	v1.25.8-hotfix				SRA		mouse hippocampus region		Nucleus from Hippocampus brain region VGAT-A1-P1-DG_S15_L001_R1		12.0	week
SRR4041115	SRP082327	12.000	vgat-cre, slc32a1tm2(cre)lowl						MUS_MUSCULUS	NextSeq 500 (NextSeq500)	True	381	Tximport	v1.25.8-hotfix				SRA		mouse hippocampus region		Nucleus from Hippocampus brain region VGAT-A1-P1-DG_S17_L001_R1		12.0	week
SRR4041116	SRP082327	12.000	vgat-cre, slc32a1tm2(cre)lowl						MUS_MUSCULUS	NextSeq 500 (NextSeq500)	True	381	Tximport	v1.25.8-hotfix				SRA		mouse hippocampus region		Nucleus from Hippocampus brain region VGAT-A1-P1-DG_S18_L001_R1		12.0	week
SRR4041117	SRP082327	12.000	vgat-cre, slc32a1tm2(cre)lowl						MUS_MUSCULUS	NextSeq 500 (NextSeq500)	True	381	Tximport	v1.25.8-hotfix				SRA		mouse hippocampus region		Nucleus from Hippocampus brain region VGAT-A1-P1-DG_S19_L001_R1		12.0	week
SRR4041118	SRP082327	12.000	vgat-cre, slc32a1tm2(cre)lowl						MUS_MUSCULUS	NextSeq 500 (NextSeq500)	True	381	Tximport	v1.25.8-hotfix				SRA		mouse hippocampus region		Nucleus from Hippocampus brain region VGAT-A1-P1-DG_S20_L001_R1		12.0	week
SRR4041119	SRP082327	12.000	vgat-cre, slc32a1tm2(cre)lowl						MUS_MUSCULUS	NextSeq 500 (NextSeq500)	True	381	Tximport	v1.25.8-hotfix				SRA		mouse hippocampus region		Nucleus from Hippocampus brain region VGAT-A1-P1-DG_S21_L001_R1		12.0	week
SRR4041120	SRP082327	12.000	vgat-cre, slc32a1tm2(cre)lowl						MUS_MUSCULUS	NextSeq 500 (NextSeq500)	True	381	Tximport	v1.25.8-hotfix				SRA		mouse hippocampus region		Nucleus from Hippocampus brain region VGAT-A1-P1-DG_S22_L001_R1		12.0	week
SRR4041121	SRP082327	12.000	vgat-cre, slc32a1tm2(cre)lowl						MUS_MUSCULUS	NextSeq 500 (NextSeq500)	True	381	Tximport	v1.25.8-hotfix				SRA		mouse hippocampus region		Nucleus from Hippocampus brain region VGAT-A1-P1-DG_S23_L001_R1		12.0	week
SRR4041122	SRP082327	12.000	vgat-cre, slc32a1tm2(cre)lowl						MUS_MUSCULUS	NextSeq 500 (NextSeq500)	True	381	Tximport	v1.25.8-hotfix				SRA		mouse hippocampus region		Nucleus from Hippocampus brain region VGAT-A1-P1-DG_S24_L001_R1		12.0	week
SRR4041123	SRP082327	12.000	vgat-cre, slc32a1tm2(cre)lowl						MUS_MUSCULUS	NextSeq 500 (NextSeq500)	True	381	Tximport	v1.25.8-hotfix				SRA		mouse hippocampus region		Nucleus from Hippocampus brain region VGAT-A1-P1-DG_S25_L001_R1		12.0	week
SRR4041124	SRP082327	12.000	vgat-cre, slc32a1tm2(cre)lowl						MUS_MUSCULUS	NextSeq 500 (NextSeq500)	True	381	Tximport	v1.25.8-hotfix				SRA		mouse hippocampus region		Nucleus from Hippocampus brain region VGAT-A1-P1-DG_S26_L001_R1		12.0	week
SRR4041125	SRP082327	12.000	vgat-cre, slc32a1tm2(cre)lowl						MUS_MUSCULUS	NextSeq 500 (NextSeq500)	True	381	Tximport	v1.25.8-hotfix				SRA		mouse hippocampus region		Nucleus from Hippocampus brain region VGAT-A1-P1-DG_S27_L001_R1		12.0	week
SRR4041126	SRP082327	12.000	vgat-cre, slc32a1tm2(cre)lowl						MUS_MUSCULUS	NextSeq 500 (NextSeq500)	True	381	Tximport	v1.25.8-hotfix				SRA		mouse hippocampus region		Nucleus from Hippocampus brain region VGAT-A1-P1-DG_S28_L001_R1		12.0	week
SRR4041127	SRP082327	12.000	vgat-cre, slc32a1tm2(cre)lowl						MUS_MUSCULUS	NextSeq 500 (NextSeq500)	True	381	Tximport	v1.25.8-hotfix				SRA		mouse hippocampus region		Nucleus from Hippocampus brain region VGAT-A1-P1-DG_S29_L001_R1		12.0	week
SRR4041128	SRP082327	12.000	vgat-cre, slc32a1tm2(cre)lowl						MUS_MUSCULUS	NextSeq 500 (NextSeq500)	True	381	Tximport	v1.25.8-hotfix				SRA		mouse hippocampus region		Nucleus from Hippocampus brain region VGAT-A1-P1-DG_S31_L001_R1		12.0	week
SRR4041129	SRP082327	12.000	vgat-cre, slc32a1tm2(cre)lowl						MUS_MUSCULUS	NextSeq 500 (NextSeq500)	True	381	Tximport	v1.25.8-hotfix				SRA		mouse hippocampus region		Nucleus from Hippocampus brain region VGAT-A1-P1-DG_S32_L001_R1		12.0	week
SRR4041130	SRP082327	12.000	vgat-cre, slc32a1tm2(cre)lowl						MUS_MUSCULUS	NextSeq 500 (NextSeq500)	True	381	Tximport	v1.25.8-hotfix				SRA		mouse hippocampus region		Nucleus from Hippocampus brain region VGAT-A1-P1-DG_S33_L001_R1		12.0	week
SRR4041131	SRP082327	12.000	vgat-cre, slc32a1tm2(cre)lowl						MUS_MUSCULUS	NextSeq 500 (NextSeq500)	True	381	Tximport	v1.25.8-hotfix				SRA		mouse hippocampus region		Nucleus from Hippocampus brain region VGAT-A1-P1-DG_S34_L001_R1		12.0	week
SRR4041132	SRP082327	12.000	vgat-cre, slc32a1tm2(cre)lowl						MUS_MUSCULUS	NextSeq 500 (NextSeq500)	True	381	Tximport	v1.25.8-hotfix				SRA		mouse hippocampus region		Nucleus from Hippocampus brain region VGAT-A1-P1-DG_S35_L001_R1		12.0	week
SRR4041133	SRP082327	12.000	vgat-cre, slc32a1tm2(cre)lowl						MUS_MUSCULUS	NextSeq 500 (NextSeq500)	True	381	Tximport	v1.25.8-hotfix				SRA		mouse hippocampus region		Nucleus from Hippocampus brain region VGAT-A1-P1-DG_S36_L001_R1		12.0	week
SRR4041134	SRP082327	12.000	vgat-cre, slc32a1tm2(cre)lowl						MUS_MUSCULUS	NextSeq 500 (NextSeq500)	True	381	Tximport	v1.25.8-hotfix				SRA		mouse hippocampus region		Nucleus from Hippocampus brain region VGAT-A1-P1-DG_S37_L001_R1		12.0	week
SRR4041135	SRP082327	12.000	vgat-cre, slc32a1tm2(cre)lowl						MUS_MUSCULUS	NextSeq 500 (NextSeq500)	True	381	Tximport	v1.25.8-hotfix				SRA		mouse hippocampus region		Nucleus from Hippocampus brain region VGAT-A1-P1-DG_S38_L001_R1		12.0	week
SRR4041136	SRP082327	12.000	vgat-cre, slc32a1tm2(cre)lowl						MUS_MUSCULUS	NextSeq 500 (NextSeq500)	True	381	Tximport	v1.25.8-hotfix				SRA		mouse hippocampus region		Nucleus from Hippocampus brain region VGAT-A1-P1-DG_S39_L001_R1		12.0	week
SRR4041137	SRP082327	12.000	vgat-cre, slc32a1tm2(cre)lowl						MUS_MUSCULUS	NextSeq 500 (NextSeq500)	True	381	Tximport	v1.25.8-hotfix				SRA		mouse hippocampus region		Nucleus from Hippocampus brain region VGAT-A1-P1-DG_S41_L001_R1		12.0	week
SRR4041138	SRP082327	12.000	vgat-cre, slc32a1tm2(cre)lowl						MUS_MUSCULUS	NextSeq 500 (NextSeq500)	True	381	Tximport	v1.25.8-hotfix				SRA		mouse hippocampus region		Nucleus from Hippocampus brain region VGAT-A1-P1-DG_S42_L001_R1		12.0	week
SRR4041139	SRP082327	12.000	vgat-cre, slc32a1tm2(cre)lowl						MUS_MUSCULUS	NextSeq 500 (NextSeq500)	True	381	Tximport	v1.25.8-hotfix				SRA		mouse hippocampus region		Nucleus from Hippocampus brain region VGAT-A1-P1-DG_S43_L001_R1		12.0	week
SRR4041140	SRP082327	12.000	vgat-cre, slc32a1tm2(cre)lowl						MUS_MUSCULUS	NextSeq 500 (NextSeq500)	True	381	Tximport	v1.25.8-hotfix				SRA		mouse hippocampus region		Nucleus from Hippocampus brain region VGAT-A1-P1-DG_S44_L001_R1		12.0	week
SRR4041141	SRP082327	12.000	vgat-cre, slc32a1tm2(cre)lowl						MUS_MUSCULUS	NextSeq 500 (NextSeq500)	True	381	Tximport	v1.25.8-hotfix				SRA		mouse hippocampus region		Nucleus from Hippocampus brain region VGAT-A1-P1-DG_S45_L001_R1		12.0	week
SRR4041142	SRP082327	12.000	vgat-cre, slc32a1tm2(cre)lowl						MUS_MUSCULUS	NextSeq 500 (NextSeq500)	True	381	Tximport	v1.25.8-hotfix				SRA		mouse hippocampus region		Nucleus from Hippocampus brain region VGAT-A1-P1-DG_S47_L001_R1		12.0	week
SRR4041143	SRP082327	12.000	vgat-cre, slc32a1tm2(cre)lowl						MUS_MUSCULUS	NextSeq 500 (NextSeq500)	True	381	Tximport	v1.25.8-hotfix				SRA		mouse hippocampus region		Nucleus from Hippocampus brain region VGAT-A1-P1-DG_S48_L001_R1		12.0	week
SRR4041144	SRP082327	12.000	vgat-cre, slc32a1tm2(cre)lowl						MUS_MUSCULUS	NextSeq 500 (NextSeq500)	True	381	Tximport	v1.25.8-hotfix				SRA		mouse hippocampus region		Nucleus from Hippocampus brain region VGAT-A1-P1-DG_S49_L001_R1		12.0	week
SRR4041145	SRP082327	12.000	vgat-cre, slc32a1tm2(cre)lowl						MUS_MUSCULUS	NextSeq 500 (NextSeq500)	True	381	Tximport	v1.25.8-hotfix				SRA		mouse hippocampus region		Nucleus from Hippocampus brain region VGAT-A1-P1-DG_S4_L001_R1		12.0	week
SRR4041146	SRP082327	12.000	vgat-cre, slc32a1tm2(cre)lowl						MUS_MUSCULUS	NextSeq 500 (NextSeq500)	True	381	Tximport	v1.25.8-hotfix				SRA		mouse hippocampus region		Nucleus from Hippocampus brain region VGAT-A1-P1-DG_S50_L001_R1		12.0	week
SRR4041147	SRP082327	12.000	vgat-cre, slc32a1tm2(cre)lowl						MUS_MUSCULUS	NextSeq 500 (NextSeq500)	True	381	Tximport	v1.25.8-hotfix				SRA		mouse hippocampus region		Nucleus from Hippocampus brain region VGAT-A1-P1-DG_S51_L001_R1		12.0	week
SRR4041148	SRP082327	12.000	vgat-cre, slc32a1tm2(cre)lowl						MUS_MUSCULUS	NextSeq 500 (NextSeq500)	True	381	Tximport	v1.25.8-hotfix				SRA		mouse hippocampus region		Nucleus from Hippocampus brain region VGAT-A1-P1-DG_S52_L001_R1		12.0	week
SRR4041149	SRP082327	12.000	vgat-cre, slc32a1tm2(cre)lowl						MUS_MUSCULUS	NextSeq 500 (NextSeq500)	True	381	Tximport	v1.25.8-hotfix				SRA		mouse hippocampus region		Nucleus from Hippocampus brain region VGAT-A1-P1-DG_S53_L001_R1		12.0	week
SRR4041150	SRP082327	12.000	vgat-cre, slc32a1tm2(cre)lowl						MUS_MUSCULUS	NextSeq 500 (NextSeq500)	True	381	Tximport	v1.25.8-hotfix				SRA		mouse hippocampus region		Nucleus from Hippocampus brain region VGAT-A1-P1-DG_S54_L001_R1		12.0	week
SRR4041151	SRP082327	12.000	vgat-cre, slc32a1tm2(cre)lowl						MUS_MUSCULUS	NextSeq 500 (NextSeq500)	True	381	Tximport	v1.25.8-hotfix				SRA		mouse hippocampus region		Nucleus from Hippocampus brain region VGAT-A1-P1-DG_S55_L001_R1		12.0	week
SRR4041152	SRP082327	12.000	vgat-cre, slc32a1tm2(cre)lowl						MUS_MUSCULUS	NextSeq 500 (NextSeq500)	True	381	Tximport	v1.25.8-hotfix				SRA		mouse hippocampus region		Nucleus from Hippocampus brain region VGAT-A1-P1-DG_S58_L001_R1		12.0	week
SRR4041153	SRP082327	12.000	vgat-cre, slc32a1tm2(cre)lowl						MUS_MUSCULUS	NextSeq 500 (NextSeq500)	True	381	Tximport	v1.25.8-hotfix				SRA		mouse hippocampus region		Nucleus from Hippocampus brain region VGAT-A1-P1-DG_S59_L001_R1		12.0	week
SRR4041154	SRP082327	12.000	vgat-cre, slc32a1tm2(cre)lowl						MUS_MUSCULUS	NextSeq 500 (NextSeq500)	True	381	Tximport	v1.25.8-hotfix				SRA		mouse hippocampus region		Nucleus from Hippocampus brain region VGAT-A1-P1-DG_S5_L001_R1		12.0	week
SRR4041155	SRP082327	12.000	vgat-cre, slc32a1tm2(cre)lowl						MUS_MUSCULUS	NextSeq 500 (NextSeq500)	True	381	Tximport	v1.25.8-hotfix				SRA		mouse hippocampus region		Nucleus from Hippocampus brain region VGAT-A1-P1-DG_S60_L001_R1		12.0	week
SRR4041156	SRP082327	12.000	vgat-cre, slc32a1tm2(cre)lowl						MUS_MUSCULUS	NextSeq 500 (NextSeq500)	True	381	Tximport	v1.25.8-hotfix				SRA		mouse hippocampus region		Nucleus from Hippocampus brain region VGAT-A1-P1-DG_S61_L001_R1		12.0	week
SRR4041157	SRP082327	12.000	vgat-cre, slc32a1tm2(cre)lowl						MUS_MUSCULUS	NextSeq 500 (NextSeq500)	True	381	Tximport	v1.25.8-hotfix				SRA		mouse hippocampus region		Nucleus from Hippocampus brain region VGAT-A1-P1-DG_S62_L001_R1		12.0	week
SRR4041158	SRP082327	12.000	vgat-cre, slc32a1tm2(cre)lowl						MUS_MUSCULUS	NextSeq 500 (NextSeq500)	True	381	Tximport	v1.25.8-hotfix				SRA		mouse hippocampus region		Nucleus from Hippocampus brain region VGAT-A1-P1-DG_S63_L001_R1		12.0	week
SRR4041159	SRP082327	12.000	vgat-cre, slc32a1tm2(cre)lowl						MUS_MUSCULUS	NextSeq 500 (NextSeq500)	True	381	Tximport	v1.25.8-hotfix				SRA		mouse hippocampus region		Nucleus from Hippocampus brain region VGAT-A1-P1-DG_S64_L001_R1		12.0	week
SRR4041160	SRP082327	12.000	vgat-cre, slc32a1tm2(cre)lowl						MUS_MUSCULUS	NextSeq 500 (NextSeq500)	True	381	Tximport	v1.25.8-hotfix				SRA		mouse hippocampus region		Nucleus from Hippocampus brain region VGAT-A1-P1-DG_S66_L001_R1		12.0	week
SRR4041161	SRP082327	12.000	vgat-cre, slc32a1tm2(cre)lowl						MUS_MUSCULUS	NextSeq 500 (NextSeq500)	True	381	Tximport	v1.25.8-hotfix				SRA		mouse hippocampus region		Nucleus from Hippocampus brain region VGAT-A1-P1-DG_S68_L001_R1		12.0	week
SRR4041162	SRP082327	12.000	vgat-cre, slc32a1tm2(cre)lowl						MUS_MUSCULUS	NextSeq 500 (NextSeq500)	True	381	Tximport	v1.25.8-hotfix				SRA		mouse hippocampus region		Nucleus from Hippocampus brain region VGAT-A1-P1-DG_S69_L001_R1		12.0	week
SRR4041163	SRP082327	12.000	vgat-cre, slc32a1tm2(cre)lowl						MUS_MUSCULUS	NextSeq 500 (NextSeq500)	True	381	Tximport	v1.25.8-hotfix				SRA		mouse hippocampus region		Nucleus from Hippocampus brain region VGAT-A1-P1-DG_S6_L001_R1		12.0	week
SRR4041164	SRP082327	12.000	vgat-cre, slc32a1tm2(cre)lowl						MUS_MUSCULUS	NextSeq 500 (NextSeq500)	True	381	Tximport	v1.25.8-hotfix				SRA		mouse hippocampus region		Nucleus from Hippocampus brain region VGAT-A1-P1-DG_S70_L001_R1		12.0	week
SRR4041165	SRP082327	12.000	vgat-cre, slc32a1tm2(cre)lowl						MUS_MUSCULUS	NextSeq 500 (NextSeq500)	True	381	Tximport	v1.25.8-hotfix				SRA		mouse hippocampus region		Nucleus from Hippocampus brain region VGAT-A1-P1-DG_S71_L001_R1		12.0	week
SRR4041166	SRP082327	12.000	vgat-cre, slc32a1tm2(cre)lowl						MUS_MUSCULUS	NextSeq 500 (NextSeq500)	True	381	Tximport	v1.25.8-hotfix				SRA		mouse hippocampus region		Nucleus from Hippocampus brain region VGAT-A1-P1-DG_S72_L001_R1		12.0	week
SRR4041167	SRP082327	12.000	vgat-cre, slc32a1tm2(cre)lowl						MUS_MUSCULUS	NextSeq 500 (NextSeq500)	True	381	Tximport	v1.25.8-hotfix				SRA		mouse hippocampus region		Nucleus from Hippocampus brain region VGAT-A1-P1-DG_S73_L001_R1		12.0	week
SRR4041168	SRP082327	12.000	vgat-cre, slc32a1tm2(cre)lowl						MUS_MUSCULUS	NextSeq 500 (NextSeq500)	True	381	Tximport	v1.25.8-hotfix				SRA		mouse hippocampus region		Nucleus from Hippocampus brain region VGAT-A1-P1-DG_S74_L001_R1		12.0	week
SRR4041169	SRP082327	12.000	vgat-cre, slc32a1tm2(cre)lowl						MUS_MUSCULUS	NextSeq 500 (NextSeq500)	True	381	Tximport	v1.25.8-hotfix				SRA		mouse hippocampus region		Nucleus from Hippocampus brain region VGAT-A1-P1-DG_S75_L001_R1		12.0	week
SRR4041170	SRP082327	12.000	vgat-cre, slc32a1tm2(cre)lowl						MUS_MUSCULUS	NextSeq 500 (NextSeq500)	True	381	Tximport	v1.25.8-hotfix				SRA		mouse hippocampus region		Nucleus from Hippocampus brain region VGAT-A1-P1-DG_S76_L001_R1		12.0	week
SRR4041171	SRP082327	12.000	vgat-cre, slc32a1tm2(cre)lowl						MUS_MUSCULUS	NextSeq 500 (NextSeq500)	True	381	Tximport	v1.25.8-hotfix				SRA		mouse hippocampus region		Nucleus from Hippocampus brain region VGAT-A1-P1-DG_S78_L001_R1		12.0	week
SRR4041172	SRP082327	12.000	vgat-cre, slc32a1tm2(cre)lowl						MUS_MUSCULUS	NextSeq 500 (NextSeq500)	True	381	Tximport	v1.25.8-hotfix				SRA		mouse hippocampus region		Nucleus from Hippocampus brain region VGAT-A1-P1-DG_S79_L001_R1		12.0	week
SRR4041173	SRP082327	12.000	vgat-cre, slc32a1tm2(cre)lowl						MUS_MUSCULUS	NextSeq 500 (NextSeq500)	True	381	Tximport	v1.25.8-hotfix				SRA		mouse hippocampus region		Nucleus from Hippocampus brain region VGAT-A1-P1-DG_S80_L001_R1		12.0	week
SRR4041174	SRP082327	12.000	vgat-cre, slc32a1tm2(cre)lowl						MUS_MUSCULUS	NextSeq 500 (NextSeq500)	True	381	Tximport	v1.25.8-hotfix				SRA		mouse hippocampus region		Nucleus from Hippocampus brain region VGAT-A1-P1-DG_S81_L001_R1		12.0	week
SRR4041175	SRP082327	12.000	vgat-cre, slc32a1tm2(cre)lowl						MUS_MUSCULUS	NextSeq 500 (NextSeq500)	True	381	Tximport	v1.25.8-hotfix				SRA		mouse hippocampus region		Nucleus from Hippocampus brain region VGAT-A1-P1-DG_S82_L001_R1		12.0	week
SRR4041176	SRP082327	12.000	vgat-cre, slc32a1tm2(cre)lowl						MUS_MUSCULUS	NextSeq 500 (NextSeq500)	True	381	Tximport	v1.25.8-hotfix				SRA		mouse hippocampus region		Nucleus from Hippocampus brain region VGAT-A1-P1-DG_S85_L001_R1		12.0	week
SRR4041177	SRP082327	12.000	vgat-cre, slc32a1tm2(cre)lowl						MUS_MUSCULUS	NextSeq 500 (NextSeq500)	True	381	Tximport	v1.25.8-hotfix				SRA		mouse hippocampus region		Nucleus from Hippocampus brain region VGAT-A1-P1-DG_S88_L001_R1		12.0	week
SRR4041178	SRP082327	12.000	vgat-cre, slc32a1tm2(cre)lowl						MUS_MUSCULUS	NextSeq 500 (NextSeq500)	True	381	Tximport	v1.25.8-hotfix				SRA		mouse hippocampus region		Nucleus from Hippocampus brain region VGAT-A1-P1-DG_S89_L001_R1		12.0	week
SRR4041179	SRP082327	12.000	vgat-cre, slc32a1tm2(cre)lowl						MUS_MUSCULUS	NextSeq 500 (NextSeq500)	True	381	Tximport	v1.25.8-hotfix				SRA		mouse hippocampus region		Nucleus from Hippocampus brain region VGAT-A1-P1-DG_S8_L001_R1		12.0	week
SRR4041180	SRP082327	12.000	vgat-cre, slc32a1tm2(cre)lowl						MUS_MUSCULUS	NextSeq 500 (NextSeq500)	True	381	Tximport	v1.25.8-hotfix				SRA		mouse hippocampus region		Nucleus from Hippocampus brain region VGAT-A1-P1-DG_S90_L001_R1		12.0	week
SRR4041181	SRP082327	12.000	vgat-cre, slc32a1tm2(cre)lowl						MUS_MUSCULUS	NextSeq 500 (NextSeq500)	True	381	Tximport	v1.25.8-hotfix				SRA		mouse hippocampus region		Nucleus from Hippocampus brain region VGAT-A1-P1-DG_S91_L001_R1		12.0	week
SRR4041182	SRP082327	12.000	vgat-cre, slc32a1tm2(cre)lowl						MUS_MUSCULUS	NextSeq 500 (NextSeq500)	True	381	Tximport	v1.25.8-hotfix				SRA		mouse hippocampus region		Nucleus from Hippocampus brain region VGAT-A1-P1-DG_S92_L001_R1		12.0	week
SRR4041183	SRP082327	12.000	vgat-cre, slc32a1tm2(cre)lowl						MUS_MUSCULUS	NextSeq 500 (NextSeq500)	True	381	Tximport	v1.25.8-hotfix				SRA		mouse hippocampus region		Nucleus from Hippocampus brain region VGAT-A1-P1-DG_S93_L001_R1		12.0	week
SRR4041184	SRP082327	12.000	vgat-cre, slc32a1tm2(cre)lowl						MUS_MUSCULUS	NextSeq 500 (NextSeq500)	True	381	Tximport	v1.25.8-hotfix				SRA		mouse hippocampus region		Nucleus from Hippocampus brain region VGAT-A1-P1-DG_S94_L001_R1		12.0	week
SRR4041185	SRP082327	12.000	vgat-cre, slc32a1tm2(cre)lowl						MUS_MUSCULUS	NextSeq 500 (NextSeq500)	True	381	Tximport	v1.25.8-hotfix				SRA		mouse hippocampus region		Nucleus from Hippocampus brain region VGAT-A1-P1-DG_S95_L001_R1		12.0	week
SRR4041186	SRP082327	12.000	vgat-cre, slc32a1tm2(cre)lowl						MUS_MUSCULUS	NextSeq 500 (NextSeq500)	True	381	Tximport	v1.25.8-hotfix				SRA		mouse hippocampus region		Nucleus from Hippocampus brain region VGAT-A1-P1-DG_S9_L001_R1		12.0	week
SRR4041187	SRP082327	12.000	vgat-cre, slc32a1tm2(cre)lowl						MUS_MUSCULUS	NextSeq 500 (NextSeq500)	True	381	Tximport	v1.25.8-hotfix				SRA		mouse hippocampus region		Nucleus from Hippocampus brain region VGAT-A1-P2-DG_S100_L001_R1		12.0	week
SRR4041188	SRP082327	12.000	vgat-cre, slc32a1tm2(cre)lowl						MUS_MUSCULUS	NextSeq 500 (NextSeq500)	True	381	Tximport	v1.25.8-hotfix				SRA		mouse hippocampus region		Nucleus from Hippocampus brain region VGAT-A1-P2-DG_S101_L001_R1		12.0	week
SRR4041189	SRP082327	12.000	vgat-cre, slc32a1tm2(cre)lowl						MUS_MUSCULUS	NextSeq 500 (NextSeq500)	True	381	Tximport	v1.25.8-hotfix				SRA		mouse hippocampus region		Nucleus from Hippocampus brain region VGAT-A1-P2-DG_S102_L001_R1		12.0	week
SRR4041190	SRP082327	12.000	vgat-cre, slc32a1tm2(cre)lowl						MUS_MUSCULUS	NextSeq 500 (NextSeq500)	True	381	Tximport	v1.25.8-hotfix				SRA		mouse hippocampus region		Nucleus from Hippocampus brain region VGAT-A1-P2-DG_S105_L001_R1		12.0	week
SRR4041191	SRP082327	12.000	vgat-cre, slc32a1tm2(cre)lowl						MUS_MUSCULUS	NextSeq 500 (NextSeq500)	True	381	Tximport	v1.25.8-hotfix				SRA		mouse hippocampus region		Nucleus from Hippocampus brain region VGAT-A1-P2-DG_S107_L001_R1		12.0	week
SRR4041192	SRP082327	12.000	vgat-cre, slc32a1tm2(cre)lowl						MUS_MUSCULUS	NextSeq 500 (NextSeq500)	True	381	Tximport	v1.25.8-hotfix				SRA		mouse hippocampus region		Nucleus from Hippocampus brain region VGAT-A1-P2-DG_S114_L001_R1		12.0	week
SRR4041193	SRP082327	12.000	vgat-cre, slc32a1tm2(cre)lowl						MUS_MUSCULUS	NextSeq 500 (NextSeq500)	True	381	Tximport	v1.25.8-hotfix				SRA		mouse hippocampus region		Nucleus from Hippocampus brain region VGAT-A1-P2-DG_S115_L001_R1		12.0	week
SRR4041194	SRP082327	12.000	vgat-cre, slc32a1tm2(cre)lowl						MUS_MUSCULUS	NextSeq 500 (NextSeq500)	True	381	Tximport	v1.25.8-hotfix				SRA		mouse hippocampus region		Nucleus from Hippocampus brain region VGAT-A1-P2-DG_S116_L001_R1		12.0	week
SRR4041195	SRP082327	12.000	vgat-cre, slc32a1tm2(cre)lowl						MUS_MUSCULUS	NextSeq 500 (NextSeq500)	True	381	Tximport	v1.25.8-hotfix				SRA		mouse hippocampus region		Nucleus from Hippocampus brain region VGAT-A1-P2-DG_S118_L001_R1		12.0	week
SRR4041196	SRP082327	12.000	vgat-cre, slc32a1tm2(cre)lowl						MUS_MUSCULUS	NextSeq 500 (NextSeq500)	True	381	Tximport	v1.25.8-hotfix				SRA		mouse hippocampus region		Nucleus from Hippocampus brain region VGAT-A1-P2-DG_S119_L001_R1		12.0	week
SRR4041197	SRP082327	12.000	vgat-cre, slc32a1tm2(cre)lowl						MUS_MUSCULUS	NextSeq 500 (NextSeq500)	True	381	Tximport	v1.25.8-hotfix				SRA		mouse hippocampus region		Nucleus from Hippocampus brain region VGAT-A1-P2-DG_S122_L001_R1		12.0	week
SRR4041198	SRP082327	12.000	vgat-cre, slc32a1tm2(cre)lowl						MUS_MUSCULUS	NextSeq 500 (NextSeq500)	True	381	Tximport	v1.25.8-hotfix				SRA		mouse hippocampus region		Nucleus from Hippocampus brain region VGAT-A1-P2-DG_S123_L001_R1		12.0	week
SRR4041199	SRP082327	12.000	vgat-cre, slc32a1tm2(cre)lowl						MUS_MUSCULUS	NextSeq 500 (NextSeq500)	True	381	Tximport	v1.25.8-hotfix				SRA		mouse hippocampus region		Nucleus from Hippocampus brain region VGAT-A1-P2-DG_S124_L001_R1		12.0	week
SRR4041200	SRP082327	12.000	vgat-cre, slc32a1tm2(cre)lowl						MUS_MUSCULUS	NextSeq 500 (NextSeq500)	True	381	Tximport	v1.25.8-hotfix				SRA		mouse hippocampus region		Nucleus from Hippocampus brain region VGAT-A1-P2-DG_S125_L001_R1		12.0	week
SRR4041201	SRP082327	12.000	vgat-cre, slc32a1tm2(cre)lowl						MUS_MUSCULUS	NextSeq 500 (NextSeq500)	True	381	Tximport	v1.25.8-hotfix				SRA		mouse hippocampus region		Nucleus from Hippocampus brain region VGAT-A1-P2-DG_S126_L001_R1		12.0	week
SRR4041202	SRP082327	12.000	vgat-cre, slc32a1tm2(cre)lowl						MUS_MUSCULUS	NextSeq 500 (NextSeq500)	True	381	Tximport	v1.25.8-hotfix				SRA		mouse hippocampus region		Nucleus from Hippocampus brain region VGAT-A1-P2-DG_S127_L001_R1		12.0	week
SRR4041203	SRP082327	12.000	vgat-cre, slc32a1tm2(cre)lowl						MUS_MUSCULUS	NextSeq 500 (NextSeq500)	True	381	Tximport	v1.25.8-hotfix				SRA		mouse hippocampus region		Nucleus from Hippocampus brain region VGAT-A1-P2-DG_S128_L001_R1		12.0	week
SRR4041204	SRP082327	12.000	vgat-cre, slc32a1tm2(cre)lowl						MUS_MUSCULUS	NextSeq 500 (NextSeq500)	True	381	Tximport	v1.25.8-hotfix				SRA		mouse hippocampus region		Nucleus from Hippocampus brain region VGAT-A1-P2-DG_S129_L001_R1		12.0	week
SRR4041205	SRP082327	12.000	vgat-cre, slc32a1tm2(cre)lowl						MUS_MUSCULUS	NextSeq 500 (NextSeq500)	True	381	Tximport	v1.25.8-hotfix				SRA		mouse hippocampus region		Nucleus from Hippocampus brain region VGAT-A1-P2-DG_S130_L001_R1		12.0	week
SRR4041206	SRP082327	12.000	vgat-cre, slc32a1tm2(cre)lowl						MUS_MUSCULUS	NextSeq 500 (NextSeq500)	True	381	Tximport	v1.25.8-hotfix				SRA		mouse hippocampus region		Nucleus from Hippocampus brain region VGAT-A1-P2-DG_S131_L001_R1		12.0	week
SRR4041207	SRP082327	12.000	vgat-cre, slc32a1tm2(cre)lowl						MUS_MUSCULUS	NextSeq 500 (NextSeq500)	True	381	Tximport	v1.25.8-hotfix				SRA		mouse hippocampus region		Nucleus from Hippocampus brain region VGAT-A1-P2-DG_S134_L001_R1		12.0	week
SRR4041208	SRP082327	12.000	vgat-cre, slc32a1tm2(cre)lowl						MUS_MUSCULUS	NextSeq 500 (NextSeq500)	True	381	Tximport	v1.25.8-hotfix				SRA		mouse hippocampus region		Nucleus from Hippocampus brain region VGAT-A1-P2-DG_S135_L001_R1		12.0	week
SRR4041209	SRP082327	12.000	vgat-cre, slc32a1tm2(cre)lowl						MUS_MUSCULUS	NextSeq 500 (NextSeq500)	True	381	Tximport	v1.25.8-hotfix				SRA		mouse hippocampus region		Nucleus from Hippocampus brain region VGAT-A1-P2-DG_S136_L001_R1		12.0	week
SRR4041210	SRP082327	12.000	vgat-cre, slc32a1tm2(cre)lowl						MUS_MUSCULUS	NextSeq 500 (NextSeq500)	True	381	Tximport	v1.25.8-hotfix				SRA		mouse hippocampus region		Nucleus from Hippocampus brain region VGAT-A1-P2-DG_S138_L001_R1		12.0	week
SRR4041211	SRP082327	12.000	vgat-cre, slc32a1tm2(cre)lowl						MUS_MUSCULUS	NextSeq 500 (NextSeq500)	True	381	Tximport	v1.25.8-hotfix				SRA		mouse hippocampus region		Nucleus from Hippocampus brain region VGAT-A1-P2-DG_S140_L001_R1		12.0	week
SRR4041212	SRP082327	12.000	vgat-cre, slc32a1tm2(cre)lowl						MUS_MUSCULUS	NextSeq 500 (NextSeq500)	True	381	Tximport	v1.25.8-hotfix				SRA		mouse hippocampus region		Nucleus from Hippocampus brain region VGAT-A1-P2-DG_S141_L001_R1		12.0	week
SRR4041213	SRP082327	12.000	vgat-cre, slc32a1tm2(cre)lowl						MUS_MUSCULUS	NextSeq 500 (NextSeq500)	True	381	Tximport	v1.25.8-hotfix				SRA		mouse hippocampus region		Nucleus from Hippocampus brain region VGAT-A1-P2-DG_S98_L001_R1		12.0	week
SRR4041214	SRP082327	12.000	vgat-cre, slc32a1tm2(cre)lowl						MUS_MUSCULUS	NextSeq 500 (NextSeq500)	True	381	Tximport	v1.25.8-hotfix				SRA		mouse hippocampus region		Nucleus from Hippocampus brain region VGAT-A1-P2-DG_S99_L001_R1		12.0	week
SRR4041215	SRP082327	12.000	vgat-cre, slc32a1tm2(cre)lowl						MUS_MUSCULUS	NextSeq 500 (NextSeq500)	True	381	Tximport	v1.25.8-hotfix				SRA		mouse hippocampus region		Nucleus from Hippocampus brain region VGAT-A2-P2-DG_S145_L001_R1		12.0	week
SRR4041216	SRP082327	12.000	vgat-cre, slc32a1tm2(cre)lowl						MUS_MUSCULUS	NextSeq 500 (NextSeq500)	True	381	Tximport	v1.25.8-hotfix				SRA		mouse hippocampus region		Nucleus from Hippocampus brain region VGAT-A2-P2-DG_S146_L001_R1		12.0	week
SRR4041217	SRP082327	12.000	vgat-cre, slc32a1tm2(cre)lowl						MUS_MUSCULUS	NextSeq 500 (NextSeq500)	True	381	Tximport	v1.25.8-hotfix				SRA		mouse hippocampus region		Nucleus from Hippocampus brain region VGAT-A2-P2-DG_S147_L001_R1		12.0	week
SRR4041218	SRP082327	12.000	vgat-cre, slc32a1tm2(cre)lowl						MUS_MUSCULUS	NextSeq 500 (NextSeq500)	True	381	Tximport	v1.25.8-hotfix				SRA		mouse hippocampus region		Nucleus from Hippocampus brain region VGAT-A2-P2-DG_S148_L001_R1		12.0	week
SRR4041219	SRP082327	12.000	vgat-cre, slc32a1tm2(cre)lowl						MUS_MUSCULUS	NextSeq 500 (NextSeq500)	True	381	Tximport	v1.25.8-hotfix				SRA		mouse hippocampus region		Nucleus from Hippocampus brain region VGAT-A2-P2-DG_S149_L001_R1		12.0	week
SRR4041220	SRP082327	12.000	vgat-cre, slc32a1tm2(cre)lowl						MUS_MUSCULUS	NextSeq 500 (NextSeq500)	True	381	Tximport	v1.25.8-hotfix				SRA		mouse hippocampus region		Nucleus from Hippocampus brain region VGAT-A2-P2-DG_S150_L001_R1		12.0	week
SRR4041221	SRP082327	12.000	vgat-cre, slc32a1tm2(cre)lowl						MUS_MUSCULUS	NextSeq 500 (NextSeq500)	True	381	Tximport	v1.25.8-hotfix				SRA		mouse hippocampus region		Nucleus from Hippocampus brain region VGAT-A2-P2-DG_S151_L001_R1		12.0	week
SRR4041222	SRP082327	12.000	vgat-cre, slc32a1tm2(cre)lowl						MUS_MUSCULUS	NextSeq 500 (NextSeq500)	True	381	Tximport	v1.25.8-hotfix				SRA		mouse hippocampus region		Nucleus from Hippocampus brain region VGAT-A2-P2-DG_S152_L001_R1		12.0	week
SRR4041223	SRP082327	12.000	vgat-cre, slc32a1tm2(cre)lowl						MUS_MUSCULUS	NextSeq 500 (NextSeq500)	True	381	Tximport	v1.25.8-hotfix				SRA		mouse hippocampus region		Nucleus from Hippocampus brain region VGAT-A2-P2-DG_S153_L001_R1		12.0	week
SRR4041224	SRP082327	12.000	vgat-cre, slc32a1tm2(cre)lowl						MUS_MUSCULUS	NextSeq 500 (NextSeq500)	True	381	Tximport	v1.25.8-hotfix				SRA		mouse hippocampus region		Nucleus from Hippocampus brain region VGAT-A2-P2-DG_S154_L001_R1		12.0	week
SRR4041225	SRP082327	12.000	vgat-cre, slc32a1tm2(cre)lowl						MUS_MUSCULUS	NextSeq 500 (NextSeq500)	True	381	Tximport	v1.25.8-hotfix				SRA		mouse hippocampus region		Nucleus from Hippocampus brain region VGAT-A2-P2-DG_S155_L001_R1		12.0	week
SRR4041226	SRP082327	12.000	vgat-cre, slc32a1tm2(cre)lowl						MUS_MUSCULUS	NextSeq 500 (NextSeq500)	True	381	Tximport	v1.25.8-hotfix				SRA		mouse hippocampus region		Nucleus from Hippocampus brain region VGAT-A2-P2-DG_S157_L001_R1		12.0	week
SRR4041227	SRP082327	12.000	vgat-cre, slc32a1tm2(cre)lowl						MUS_MUSCULUS	NextSeq 500 (NextSeq500)	True	381	Tximport	v1.25.8-hotfix				SRA		mouse hippocampus region		Nucleus from Hippocampus brain region VGAT-A2-P2-DG_S158_L001_R1		12.0	week
SRR4041228	SRP082327	12.000	vgat-cre, slc32a1tm2(cre)lowl						MUS_MUSCULUS	NextSeq 500 (NextSeq500)	True	381	Tximport	v1.25.8-hotfix				SRA		mouse hippocampus region		Nucleus from Hippocampus brain region VGAT-A2-P2-DG_S160_L001_R1		12.0	week
SRR4041229	SRP082327	12.000	vgat-cre, slc32a1tm2(cre)lowl						MUS_MUSCULUS	NextSeq 500 (NextSeq500)	True	381	Tximport	v1.25.8-hotfix				SRA		mouse hippocampus region		Nucleus from Hippocampus brain region VGAT-A2-P2-DG_S161_L001_R1		12.0	week
SRR4041230	SRP082327	12.000	vgat-cre, slc32a1tm2(cre)lowl						MUS_MUSCULUS	NextSeq 500 (NextSeq500)	True	381	Tximport	v1.25.8-hotfix				SRA		mouse hippocampus region		Nucleus from Hippocampus brain region VGAT-A2-P2-DG_S162_L001_R1		12.0	week
SRR4041231	SRP082327	12.000	vgat-cre, slc32a1tm2(cre)lowl						MUS_MUSCULUS	NextSeq 500 (NextSeq500)	True	381	Tximport	v1.25.8-hotfix				SRA		mouse hippocampus region		Nucleus from Hippocampus brain region VGAT-A2-P2-DG_S163_L001_R1		12.0	week
SRR4041232	SRP082327	12.000	vgat-cre, slc32a1tm2(cre)lowl						MUS_MUSCULUS	NextSeq 500 (NextSeq500)	True	381	Tximport	v1.25.8-hotfix				SRA		mouse hippocampus region		Nucleus from Hippocampus brain region VGAT-A2-P2-DG_S164_L001_R1		12.0	week
SRR4041233	SRP082327	12.000	vgat-cre, slc32a1tm2(cre)lowl						MUS_MUSCULUS	NextSeq 500 (NextSeq500)	True	381	Tximport	v1.25.8-hotfix				SRA		mouse hippocampus region		Nucleus from Hippocampus brain region VGAT-A2-P2-DG_S165_L001_R1		12.0	week
SRR4041234	SRP082327	12.000	vgat-cre, slc32a1tm2(cre)lowl						MUS_MUSCULUS	NextSeq 500 (NextSeq500)	True	381	Tximport	v1.25.8-hotfix				SRA		mouse hippocampus region		Nucleus from Hippocampus brain region VGAT-A2-P2-DG_S169_L001_R1		12.0	week
SRR4041235	SRP082327	12.000	vgat-cre, slc32a1tm2(cre)lowl						MUS_MUSCULUS	NextSeq 500 (NextSeq500)	True	381	Tximport	v1.25.8-hotfix				SRA		mouse hippocampus region		Nucleus from Hippocampus brain region VGAT-A2-P2-DG_S170_L001_R1		12.0	week
SRR4041236	SRP082327	12.000	vgat-cre, slc32a1tm2(cre)lowl						MUS_MUSCULUS	NextSeq 500 (NextSeq500)	True	381	Tximport	v1.25.8-hotfix				SRA		mouse hippocampus region		Nucleus from Hippocampus brain region VGAT-A2-P2-DG_S171_L001_R1		12.0	week
SRR4041237	SRP082327	12.000	vgat-cre, slc32a1tm2(cre)lowl						MUS_MUSCULUS	NextSeq 500 (NextSeq500)	True	381	Tximport	v1.25.8-hotfix				SRA		mouse hippocampus region		Nucleus from Hippocampus brain region VGAT-A2-P2-DG_S172_L001_R1		12.0	week
SRR4041238	SRP082327	12.000	vgat-cre, slc32a1tm2(cre)lowl						MUS_MUSCULUS	NextSeq 500 (NextSeq500)	True	381	Tximport	v1.25.8-hotfix				SRA		mouse hippocampus region		Nucleus from Hippocampus brain region VGAT-A2-P2-DG_S173_L001_R1		12.0	week
SRR4041239	SRP082327	12.000	vgat-cre, slc32a1tm2(cre)lowl						MUS_MUSCULUS	NextSeq 500 (NextSeq500)	True	381	Tximport	v1.25.8-hotfix				SRA		mouse hippocampus region		Nucleus from Hippocampus brain region VGAT-A2-P2-DG_S174_L001_R1		12.0	week
SRR4041240	SRP082327	12.000	vgat-cre, slc32a1tm2(cre)lowl						MUS_MUSCULUS	NextSeq 500 (NextSeq500)	True	381	Tximport	v1.25.8-hotfix				SRA		mouse hippocampus region		Nucleus from Hippocampus brain region VGAT-A2-P2-DG_S175_L001_R1		12.0	week
SRR4041241	SRP082327	12.000	vgat-cre, slc32a1tm2(cre)lowl						MUS_MUSCULUS	NextSeq 500 (NextSeq500)	True	381	Tximport	v1.25.8-hotfix				SRA		mouse hippocampus region		Nucleus from Hippocampus brain region VGAT-A2-P2-DG_S177_L001_R1		12.0	week
SRR4041242	SRP082327	12.000	vgat-cre, slc32a1tm2(cre)lowl						MUS_MUSCULUS	NextSeq 500 (NextSeq500)	True	381	Tximport	v1.25.8-hotfix				SRA		mouse hippocampus region		Nucleus from Hippocampus brain region VGAT-A2-P2-DG_S178_L001_R1		12.0	week
SRR4041243	SRP082327	12.000	vgat-cre, slc32a1tm2(cre)lowl						MUS_MUSCULUS	NextSeq 500 (NextSeq500)	True	381	Tximport	v1.25.8-hotfix				SRA		mouse hippocampus region		Nucleus from Hippocampus brain region VGAT-A2-P2-DG_S179_L001_R1		12.0	week
SRR4041244	SRP082327	12.000	vgat-cre, slc32a1tm2(cre)lowl						MUS_MUSCULUS	NextSeq 500 (NextSeq500)	True	381	Tximport	v1.25.8-hotfix				SRA		mouse hippocampus region		Nucleus from Hippocampus brain region VGAT-A2-P2-DG_S185_L001_R1		12.0	week
SRR4041245	SRP082327	12.000	vgat-cre, slc32a1tm2(cre)lowl						MUS_MUSCULUS	NextSeq 500 (NextSeq500)	True	381	Tximport	v1.25.8-hotfix				SRA		mouse hippocampus region		Nucleus from Hippocampus brain region VGAT-A2-P2-DG_S186_L001_R1		12.0	week
